context_length,energy_reduction_vs_gpu,fastest_e2e_ms,fastest_route,fastest_route_label,fastest_speedup_vs_gpu,lowest_energy_j,lowest_energy_route,lowest_energy_route_label,model,model_label,precision
1024,0.2746791810555167,903.782335,gpu_npu_oracle,iGPU prefill + NPU decode · oracle,1.0141700634146606,20.752796211965624,npu_full,Whole NPU,llama32_1b,Llama 3.2 1B,FP16
2048,0.18556631600484064,1278.279285,gpu_full,Whole iGPU,1.0,31.684558524914166,npu_full,Whole NPU,llama32_1b,Llama 3.2 1B,FP16
4096,0.2226818314313188,2281.9070740000006,npu_gpu_oracle,NPU prefill + iGPU decode · oracle,1.0250580322273017,56.32058538076437,npu_full,Whole NPU,llama32_1b,Llama 3.2 1B,FP16
8192,0.20420543272073532,5181.8904999999995,gpu_full,Whole iGPU,1.0,124.69915985880303,npu_full,Whole NPU,llama32_1b,Llama 3.2 1B,FP16
1024,0.19540322127024656,1925.750313,gpu_full,Whole iGPU,1.0,52.55018231241183,npu_full,Whole NPU,llama32_3b,Llama 3.2 3B,FP16
2048,0.16754371003704627,2669.789898,gpu_full,Whole iGPU,1.0,76.77005017567933,npu_full,Whole NPU,llama32_3b,Llama 3.2 3B,FP16
4096,0.16209415886103262,4817.310788000001,gpu_full,Whole iGPU,1.0,138.65458698340248,npu_full,Whole NPU,llama32_3b,Llama 3.2 3B,FP16
8192,0.13830998186133037,9914.871806000001,gpu_full,Whole iGPU,1.0,296.3685678572622,npu_full,Whole NPU,llama32_3b,Llama 3.2 3B,FP16
1024,0.2926491301048566,448.910874,npu_gpu_oracle,NPU prefill + iGPU decode · oracle,1.0031266072650316,10.16254561750419,npu_full,Whole NPU,qwen25_0_5b,Qwen2.5 0.5B,FP16
2048,0.30858677875247864,649.6084900000001,npu_gpu_oracle,NPU prefill + iGPU decode · oracle,1.0866252548515796,14.641903385774786,npu_full,Whole NPU,qwen25_0_5b,Qwen2.5 0.5B,FP16
4096,0.31031146893633876,1226.656404,npu_full,Whole NPU,1.1734453000092109,27.786917847685658,npu_full,Whole NPU,qwen25_0_5b,Qwen2.5 0.5B,FP16
8192,0.27977700757475366,3237.5821020000003,gpu_full,Whole iGPU,1.0,64.2541216746021,npu_full,Whole NPU,qwen25_0_5b,Qwen2.5 0.5B,FP16
1024,0.2712805152489458,1027.8184829999998,gpu_full,Whole iGPU,1.0,24.786369496670208,npu_full,Whole NPU,qwen25_1_5b,Qwen2.5 1.5B,FP16
2048,0.1782641637597281,1499.0987010000001,gpu_full,Whole iGPU,1.0,39.48190518484798,npu_full,Whole NPU,qwen25_1_5b,Qwen2.5 1.5B,FP16
4096,0.13327813418458756,2506.423129,gpu_full,Whole iGPU,1.0,70.63349411528053,npu_full,Whole NPU,qwen25_1_5b,Qwen2.5 1.5B,FP16
8192,0.17979357298094256,5366.970291,gpu_full,Whole iGPU,1.0,145.28672479830834,npu_full,Whole NPU,qwen25_1_5b,Qwen2.5 1.5B,FP16
1024,0.21503485413404744,1997.1055259999998,gpu_full,Whole iGPU,1.0,51.049921114854904,npu_full,Whole NPU,qwen25_3b,Qwen2.5 3B,FP16
2048,0.18921774302859118,2816.7750480000004,gpu_full,Whole iGPU,1.0,74.0294116716735,npu_full,Whole NPU,qwen25_3b,Qwen2.5 3B,FP16
4096,0.15880635525656595,4671.074817999999,gpu_full,Whole iGPU,1.0,131.26549072083276,npu_full,Whole NPU,qwen25_3b,Qwen2.5 3B,FP16
8192,0.13134207546814203,9252.002408,gpu_full,Whole iGPU,1.0,276.93145829420837,npu_full,Whole NPU,qwen25_3b,Qwen2.5 3B,FP16
1024,0.2398353454480604,3927.0962200000004,gpu_full,Whole iGPU,1.0,100.98954805108606,gpu_npu_oracle,iGPU prefill + NPU decode · oracle,qwen25_7b,Qwen2.5 7B,FP16
2048,0.1613756065704839,5126.829936,gpu_full,Whole iGPU,1.0,157.51794815752865,npu_full,Whole NPU,qwen25_7b,Qwen2.5 7B,FP16
4096,0.09146786679955576,8384.643601,gpu_full,Whole iGPU,1.0,291.17361407593637,gpu_npu_oracle,iGPU prefill + NPU decode · oracle,qwen25_7b,Qwen2.5 7B,FP16
8192,0.047629211453439124,16528.343864,gpu_full,Whole iGPU,1.0,587.2137486507721,gpu_npu_oracle,iGPU prefill + NPU decode · oracle,qwen25_7b,Qwen2.5 7B,FP16
1024,0.0,548.773983,gpu_full,Whole iGPU,1.0,19.008366268236916,gpu_full,Whole iGPU,llama32_1b,Llama 3.2 1B,INT8
2048,0.0,866.5691800000001,gpu_full,Whole iGPU,1.0,28.135222944952325,gpu_full,Whole iGPU,llama32_1b,Llama 3.2 1B,INT8
4096,0.0,1773.3430650000003,gpu_full,Whole iGPU,1.0,54.844003295893515,gpu_full,Whole iGPU,llama32_1b,Llama 3.2 1B,INT8
8192,0.0,4340.1550210000005,gpu_full,Whole iGPU,1.0,129.08153154364902,gpu_full,Whole iGPU,llama32_1b,Llama 3.2 1B,INT8
1024,0.0,1181.976116,gpu_full,Whole iGPU,1.0,41.03450894235209,gpu_full,Whole iGPU,llama32_3b,Llama 3.2 3B,INT8
2048,0.0,1799.701612,gpu_full,Whole iGPU,1.0,62.07486891919182,gpu_full,Whole iGPU,llama32_3b,Llama 3.2 3B,INT8
4096,0.0,3493.973584,gpu_full,Whole iGPU,1.0,120.78508402481626,gpu_full,Whole iGPU,llama32_3b,Llama 3.2 3B,INT8
8192,0.0,8199.215607,gpu_full,Whole iGPU,1.0,277.01937880869855,gpu_full,Whole iGPU,llama32_3b,Llama 3.2 3B,INT8
1024,0.08234010827580662,374.38952400000005,gpu_full,Whole iGPU,1.0,11.011104825326427,npu_gpu_oracle,NPU prefill + iGPU decode · oracle,qwen25_0_5b,Qwen2.5 0.5B,INT8
2048,0.0619896422039824,630.800407,gpu_full,Whole iGPU,1.0,17.599693868067632,npu_gpu_oracle,NPU prefill + iGPU decode · oracle,qwen25_0_5b,Qwen2.5 0.5B,INT8
4096,0.0,1319.2863100000002,gpu_full,Whole iGPU,1.0,35.23845258394553,gpu_full,Whole iGPU,qwen25_0_5b,Qwen2.5 0.5B,INT8
8192,0.1488637839780066,3065.176968,gpu_full,Whole iGPU,1.0,71.12390254890698,npu_gpu_oracle,NPU prefill + iGPU decode · oracle,qwen25_0_5b,Qwen2.5 0.5B,INT8
1024,0.0,705.444888,gpu_full,Whole iGPU,1.0,23.167475685392333,gpu_full,Whole iGPU,qwen25_1_5b,Qwen2.5 1.5B,INT8
2048,0.0,1118.3348349999999,gpu_full,Whole iGPU,1.0,35.91370598660502,gpu_full,Whole iGPU,qwen25_1_5b,Qwen2.5 1.5B,INT8
4096,0.0,2003.420208,gpu_full,Whole iGPU,1.0,65.44541461298002,gpu_full,Whole iGPU,qwen25_1_5b,Qwen2.5 1.5B,INT8
8192,0.0,4611.812572,gpu_full,Whole iGPU,1.0,147.17802031892046,gpu_full,Whole iGPU,qwen25_1_5b,Qwen2.5 1.5B,INT8
1024,0.0,1159.5252120000002,gpu_full,Whole iGPU,1.0,39.81794016999228,gpu_full,Whole iGPU,qwen25_3b,Qwen2.5 3B,INT8
2048,0.0,1822.605811,gpu_full,Whole iGPU,1.0,59.92964746310727,gpu_full,Whole iGPU,qwen25_3b,Qwen2.5 3B,INT8
4096,0.0,3210.150803,gpu_full,Whole iGPU,1.0,112.90325488563047,gpu_full,Whole iGPU,qwen25_3b,Qwen2.5 3B,INT8
8192,0.0,7387.4511680000005,gpu_full,Whole iGPU,1.0,250.13882033965706,gpu_full,Whole iGPU,qwen25_3b,Qwen2.5 3B,INT8
1024,0.0,2299.523868,gpu_full,Whole iGPU,1.0,79.48445138212134,gpu_full,Whole iGPU,qwen25_7b,Qwen2.5 7B,INT8
2048,0.0,3243.705845,gpu_full,Whole iGPU,1.0,118.64620400500446,gpu_full,Whole iGPU,qwen25_7b,Qwen2.5 7B,INT8
4096,0.0,5803.3662970000005,gpu_full,Whole iGPU,1.0,211.7978605549249,gpu_full,Whole iGPU,qwen25_7b,Qwen2.5 7B,INT8
8192,0.0,12322.179712000001,gpu_full,Whole iGPU,1.0,438.76027407536543,gpu_full,Whole iGPU,qwen25_7b,Qwen2.5 7B,INT8
