all_tokens_per_s_e2e,compile_s,context_length,decode_energy_net_psys_j,decode_gpu_active_fraction,decode_npu_utilization,decode_tokens_per_s,end_to_end_ms,energy_net_psys_j,family,final_top1,first_decode_top1,handoff_estimate_ms,handoff_plus_first_decode_ms,model,output_tokens_per_s_e2e,placement,placement_label,precision,prefill_energy_net_psys_j,prefill_gpu_active_fraction,prefill_npu_utilization,prefill_tokens_per_s,prefill_top1,qualification_reason,qualified,repeat,size_b,steady_tpot_ms,steady_tpot_p95_ms,ttft_ms
1171.2164163915008,1.1579051027074456,1024,19.587807629552028,1.0,0.0,25.96060966581099,874.3046850000001,28.611885485606145,Llama 3.2,42,546,19.738152999999993,56.5368,llama32_1b_fp16,18.3002565061172,gpu_gpu,iGPU → iGPU,FP16,9.024077856054117,0.8,0.0,3399.591231531468,5809,top1_match_all_repeats,True,0,1.0,36.798647,39.3622204,296.506236
1110.9608818598306,1.1579051027074456,1024,18.74941740401262,1.0,0.0,25.240822816698234,921.7246230000001,28.473249027060497,Llama 3.2,42,546,11.256723000000003,49.454652,llama32_1b_fp16,17.358763779059853,gpu_gpu,iGPU → iGPU,FP16,9.723831623047879,0.7272727272727273,0.0,3078.3398461903835,5809,top1_match_all_repeats,True,1,1.0,38.197929,42.97029485,327.449226
1117.1855798031909,1.1579051027074456,1024,19.09353604290219,1.0,0.0,25.393661298258756,916.588988,29.122765897675617,Llama 3.2,42,546,12.7774825,50.954615000000004,llama32_1b_fp16,17.456024684424857,gpu_gpu,iGPU → iGPU,FP16,10.029229854773428,0.7272727272727273,0.0,3093.0644642042917,5809,top1_match_all_repeats,True,2,1.0,38.1771325,40.4363914,325.890395
936.1186653200733,3.0791938668116927,1024,14.32134561256013,0.0,0.9800818309403341,20.525507423692204,1093.8784130000001,25.48040917313246,Llama 3.2,42,546,140.52945250000002,178.32067400000003,llama32_1b_fp16,14.626854145626146,gpu_npu,iGPU → NPU,FP16,11.159063560572331,0.9722222222222222,0.025809710324161204,2776.2445850767785,5809,top1_match_all_repeats,True,0,1.0,37.7912215,46.6162753,363.08040200000005
1052.3154418836605,3.0791938668116927,1024,12.904239807040147,0.0,0.9783933003719586,24.523744588437246,973.092249,23.627874328239827,Llama 3.2,42,546,17.964838499999995,55.982928,llama32_1b_fp16,16.442428779432195,gpu_npu,iGPU → NPU,FP16,10.723634521199678,0.9722222222222222,0.022559751968226304,2788.843510420912,5809,top1_match_all_repeats,True,1,1.0,38.0180895,46.445875050000005,361.44014400000003
1053.6226741846665,3.0791938668116927,1024,12.453950666029664,0.0,0.9805516721575241,24.58461776556627,971.8849309999999,23.236118350385535,Llama 3.2,42,546,18.176638500000003,56.186184,llama32_1b_fp16,16.462854284135414,gpu_npu,iGPU → NPU,FP16,10.782167684355873,0.9722222222222222,0.02231115366555392,2786.4753927491456,5809,top1_match_all_repeats,True,2,1.0,38.0095455,45.8224811,361.747318
173.6991077156562,14.522015229798853,1024,118.75174042995606,0.9977528089887641,0.030497948058312328,2.73146209932149,5895.251929999999,125.22350993163995,Llama 3.2,802,90,677.2658710000001,996.606247,llama32_1b_fp16,2.714048558057128,npu_gpu_combined,NPU + iGPU subgraphs,FP16,6.4717695016839,0.1,0.8605195019408315,2496.9807155726944,5809,top1_mismatch,False,0,1.0,319.340376,332.3457439,403.68753899999996
192.2370507873706,14.522015229798853,1024,110.60228031608017,1.0,0.029884539373416927,3.0536580641770157,5326.756708999999,117.38415410570833,Llama 3.2,8940,802,34.05667150000002,358.71662599999996,llama32_1b_fp16,3.0037039185526657,npu_gpu_combined,NPU + iGPU subgraphs,FP16,6.7818737896281585,0.0975609756097561,0.8396287784543176,2431.168893413972,5809,top1_mismatch,False,1,1.0,324.65995449999997,331.10038959999997,414.615374
190.27354391373697,14.522015229798853,1024,113.02541073821229,0.9978021978021978,0.029598148160331315,3.0181301006750814,5381.725588,120.43872194174978,Llama 3.2,3765,8940,46.12672950000002,371.028312,llama32_1b_fp16,2.97302412365214,npu_gpu_combined,NPU + iGPU subgraphs,FP16,7.413311203537493,0.0975609756097561,0.8532281554032323,2448.0225791614002,5809,top1_mismatch,False,2,1.0,324.9015825,343.38017314999996,411.760908
1161.5233164593224,4.770954256877303,1024,19.397244899954835,0.9811320754716981,0.0,25.521630132804763,881.6008989999999,28.60942885214928,Llama 3.2,42,546,17.576560999999998,54.989588,llama32_1b_fp16,18.148801819676912,openvino_auto,OpenVINO AUTO (actual iGPU),FP16,9.212183952194442,0.8275862068965517,0.0,3430.156452532469,5809,baseline,True,0,1.0,37.413027,40.821983800000005,293.864147
1120.6665873700208,4.770954256877303,1024,19.015142796041655,0.9814814814814815,0.0,25.2723554572565,913.7418850000001,28.993267182636274,Llama 3.2,42,546,10.164394,48.279068,llama32_1b_fp16,17.510415427656575,openvino_auto,OpenVINO AUTO (actual iGPU),FP16,9.978124386594619,0.78125,0.0,3147.9540954465865,5809,baseline,True,1,1.0,38.114674,42.4972871,320.207973
1124.9655155224127,4.770954256877303,1024,18.604405112217165,0.9811320754716981,0.0,25.46414952552676,910.2501239999998,28.20666017869245,Llama 3.2,42,546,10.166610499999999,48.218759,llama32_1b_fp16,17.5775861800377,openvino_auto,OpenVINO AUTO (actual iGPU),FP16,9.602255066475285,0.78125,0.0,3138.361924210023,5809,baseline,True,2,1.0,38.0521485,41.2908715,321.186665
1632.0752488184387,1.1849790308624506,2048,19.20547268773855,1.0,0.0,24.502581425361424,1254.8441019999998,39.010278270589,Llama 3.2,42,3862,19.5501405,58.568968999999996,llama32_1b_fp16,12.750587881394052,gpu_gpu,iGPU → iGPU,FP16,19.80480558285045,0.828125,0.0,3161.8402922538776,8,top1_match_all_repeats,True,0,1.0,39.0188285,42.345227900000005,642.663706
1602.153789107206,1.1849790308624506,2048,18.42189832826378,1.0,0.0,25.44030908225242,1278.279285,38.90379185876414,Llama 3.2,42,3862,12.049381499999997,50.331739999999996,llama32_1b_fp16,12.516826477400047,gpu_gpu,iGPU → iGPU,FP16,20.481893530500358,0.7647058823529411,0.0,2950.6414876831186,8,top1_match_all_repeats,True,1,1.0,38.2823585,39.660728899999995,688.6638069999999
1592.1749452598515,1.1849790308624506,2048,18.128341080138657,0.9818181818181818,0.0,24.565094490356536,1286.29081,38.58566849713154,Llama 3.2,42,3862,12.980355500000005,52.48689,llama32_1b_fp16,12.43886675984259,gpu_gpu,iGPU → iGPU,FP16,20.457327416992882,0.7910447761194029,0.0,3007.3928910139794,8,top1_match_all_repeats,True,2,1.0,39.506534499999994,42.16395955,675.668286
1221.6501600116544,3.8732490157708526,2048,16.501746642029346,0.0,0.9792189724361298,19.37041679877237,1676.421014,44.241178779378494,Llama 3.2,42,370,151.2270395,191.129247,llama32_1b_fp16,9.54414187509105,gpu_npu,iGPU → NPU,FP16,27.739432137349148,0.9888888888888889,0.010782175733201392,2252.6610209608502,90,top1_mismatch,False,0,1.0,39.902207499999996,48.3112845,902.044285
1308.4061208293747,3.8732490157708526,2048,14.090432111939972,0.0,0.9775483143436434,22.47622076528829,1565.263237,42.1003161397483,Llama 3.2,75,83,42.030404499999996,82.167147,llama32_1b_fp16,10.22192281897949,gpu_npu,iGPU → NPU,FP16,28.009884027808333,0.9887640449438202,0.008887490501285704,2263.0802880466854,90,top1_mismatch,False,1,1.0,40.136742500000004,48.466140249999995,897.891255
1290.838768948975,3.8732490157708526,2048,14.992821052866267,0.0,0.9818922184982455,21.91725837821502,1586.565301,43.31773556678963,Llama 3.2,62,62,62.070555999999996,101.914796,llama32_1b_fp16,10.084677882413867,gpu_npu,iGPU → NPU,FP16,28.32491451392336,0.9888888888888889,0.010361647524657163,2252.339299326418,90,top1_mismatch,False,2,1.0,39.844240000000006,48.58107759999999,902.173132
1633.6238106579526,3.2246395656839013,2048,20.225515355244333,0.9821428571428571,0.0,24.215759902290376,1253.6545970000002,40.32692137537289,Llama 3.2,42,3862,21.786800999999993,60.947029,llama32_1b_fp16,12.762686020765255,openvino_auto,OpenVINO AUTO (actual iGPU),FP16,20.101406020128554,0.8253968253968254,0.0,3203.9189630380047,8,baseline,True,0,1.0,39.160228000000004,42.22771325,634.223282
1617.1253345520813,3.2246395656839013,2048,18.78124135616057,1.0,0.0,25.248461695390443,1266.4448180000002,40.58684960059669,Llama 3.2,42,3862,12.310220000000003,50.639573,llama32_1b_fp16,12.633791676188135,openvino_auto,OpenVINO AUTO (actual iGPU),FP16,21.80560824443612,0.7910447761194029,0.0,3022.238957969607,8,baseline,True,1,1.0,38.329353,41.38146835,672.3492180000001
1607.7192075447776,3.2246395656839013,2048,19.540243040920743,1.0,0.0,25.110921889340272,1273.854284,41.82268899919216,Llama 3.2,42,3862,12.282993499999998,50.922438,llama32_1b_fp16,12.560306308943575,openvino_auto,OpenVINO AUTO (actual iGPU),FP16,22.282445958271417,0.7910447761194029,0.0,3003.6748453983278,8,baseline,True,2,1.0,38.6394445,40.783110050000005,676.5046500000001
1791.4238235718765,1.166511282324791,4096,20.888906418310242,0.9827586206896551,0.0,23.23151177517207,2286.449441,72.45499675437996,Llama 3.2,42,3862,26.066698499999998,66.839538,llama32_1b_fp16,6.9977493108276425,gpu_gpu,iGPU → iGPU,FP16,51.56609033606972,0.8588957055214724,0.0,2486.630225771123,72,top1_match_all_repeats,True,0,1.0,40.7728395,43.9999003,1640.774715
1748.226123800929,1.166511282324791,4096,20.1610555627554,0.9824561403508771,0.0,23.853103467420855,2342.9463410000003,73.20888586969251,Llama 3.2,42,3862,19.824571000000006,59.793139000000004,llama32_1b_fp16,6.829008296097379,gpu_gpu,iGPU → iGPU,FP16,53.0478303069371,0.8352941176470589,0.0,2380.2615383773136,72,top1_match_all_repeats,True,1,1.0,39.968568,43.72544909999999,1714.097352
1751.1104518795883,1.166511282324791,4096,19.668259780143995,1.0,0.0,23.812829937474554,2339.0871750000006,71.61356315581945,Llama 3.2,42,3862,20.376389500000002,60.345018,llama32_1b_fp16,6.840275202654642,gpu_gpu,iGPU → iGPU,FP16,51.94530337567546,0.834319526627219,0.0,2387.117089941522,72,top1_match_all_repeats,True,2,1.0,39.9686285,43.48767765,1709.174643
1419.0084209097367,4.908063311129808,4096,16.63009890615369,0.0,0.9836042352390698,17.887835209400944,2886.5226869999997,81.0669726652864,Llama 3.2,83,285,175.831959,218.581712,llama32_1b_fp16,5.543001644178659,gpu_npu,iGPU → NPU,FP16,64.43687375913271,0.9901477832512315,0.004808190039366015,1992.2225409376806,90,top1_mismatch,False,0,1.0,42.749753,50.35086325,2047.9639779999998
1459.1746779203918,4.908063311129808,4096,14.522719591881572,0.0,0.9782688564051516,19.842784979637216,2807.066256,78.4294520433472,Llama 3.2,16,16,85.7579085,128.891749,llama32_1b_fp16,5.69990108562653,gpu_npu,iGPU → NPU,FP16,63.90673245146563,0.9901477832512315,0.003765252645756447,1989.1532817151763,36802,top1_mismatch,False,1,1.0,43.133840500000005,51.68753355,2051.123982
1458.0934344386096,4.908063311129808,4096,15.486039834949413,0.0,0.9776616995196411,19.82939927041136,2809.1478249999996,80.49619676760318,Llama 3.2,7952,7952,87.09321399999999,129.952624,llama32_1b_fp16,5.695677478275819,gpu_npu,iGPU → NPU,FP16,65.01015693265377,0.9901477832512315,0.0037964719670027475,1987.630646140281,36802,top1_mismatch,False,2,1.0,42.859410000000004,52.703164599999994,2052.695257
1802.0084721850667,1.496285448782146,4096,18.889122631035587,0.9824561403508771,0.0,23.255637931745145,2273.0192799999995,67.9004930244886,Llama 3.2,42,3862,25.405990000000003,66.28313700000001,llama32_1b_fp16,7.039095594472917,openvino_auto,OpenVINO AUTO (actual iGPU),FP16,49.011370393453014,0.8571428571428571,0.0,2506.1203420634615,72,baseline,True,0,1.0,40.877147,43.18287125,1628.014398
1740.2919459129414,1.496285448782146,4096,20.150184163706534,1.0,0.0,23.802358204040285,2353.628085,72.66484965943805,Llama 3.2,42,3862,21.885813000000002,61.732753,llama32_1b_fp16,6.798015413722427,openvino_auto,OpenVINO AUTO (actual iGPU),FP16,52.51466549573151,0.8362573099415205,0.0,2367.3604687284605,72,baseline,True,1,1.0,39.84694,43.49010445,1723.438426
1753.5006315521923,1.496285448782146,4096,21.08394402854552,1.0,0.0,24.010657466465695,2335.8987879999995,74.91467573297432,Llama 3.2,42,3862,20.0771685,59.830186,llama32_1b_fp16,6.849611842000751,openvino_auto,OpenVINO AUTO (actual iGPU),FP16,53.8307317044288,0.8402366863905325,0.0,2384.324882993946,72,baseline,True,2,1.0,39.7530175,43.07203225000001,1711.176203
1636.1312634918727,1.156899374909699,8192,22.303028972212015,0.9841269841269841,0.0,21.094972489912774,5006.933235,153.06892909409794,Llama 3.2,42,546,32.444108,77.134974,llama32_1b_fp16,3.195568874007564,gpu_gpu,iGPU → iGPU,FP16,130.76590012188592,0.8938679245283019,0.0,1903.2262817325463,198,top1_match_all_repeats,True,0,1.0,44.69086599999999,47.949569,4295.863334
1580.8902175759986,1.156899374909699,8192,22.09701103903003,0.9841269841269841,0.0,21.236507844865102,5181.8904999999995,156.69767674481108,Llama 3.2,42,546,31.548724,75.730897,llama32_1b_fp16,3.087676206203122,gpu_gpu,iGPU → iGPU,FP16,134.60066570578104,0.8733031674208145,0.0,1826.810630307582,198,top1_match_all_repeats,True,1,1.0,44.182173000000006,48.84928345,4475.55968
1578.3140308760924,1.156899374909699,8192,22.97472825309377,0.9838709677419355,0.0,21.482071330361432,5190.3485869999995,160.02045691479918,Llama 3.2,42,546,30.237168999999994,74.175101,llama32_1b_fp16,3.082644591554868,gpu_gpu,iGPU → iGPU,FP16,137.04572866170543,0.8741573033707866,0.0,1820.0874304553242,198,top1_match_all_repeats,True,2,1.0,43.937931999999996,47.9535477,4492.091898
1318.6744538164178,7.078193558380008,8192,18.123776763929655,0.0,0.9786963064543527,15.755154612359009,6212.2990070000005,180.18771974942854,Llama 3.2,1506,1506,219.001846,266.481815,llama32_1b_fp16,2.575536042610191,gpu_npu,iGPU → NPU,FP16,162.0639429854989,0.9942196531791907,0.0018468775425488102,1554.3047645783913,36802,top1_mismatch,False,0,1.0,47.479969,55.725221499999996,5260.229645
1335.5482612176588,7.078193558380008,8192,16.08863236762283,0.0,0.9778508370210225,17.47525852897468,6133.810539,177.58114109489182,Llama 3.2,7952,7952,123.2905085,170.791411,llama32_1b_fp16,2.60849269769074,gpu_npu,iGPU → NPU,FP16,161.49250872726898,0.9923224568138196,0.0018254352604087723,1549.8191785152774,70047,top1_mismatch,False,1,1.0,47.500902499999995,56.091384250000004,5275.4541389999995
1350.2556529500794,7.078193558380008,8192,16.775303210943793,0.0,0.9816486165177716,17.752097188973398,6066.999225,178.46026643441846,Llama 3.2,7952,7952,113.50485349999998,160.71759899999998,llama32_1b_fp16,2.6372180721681238,gpu_npu,iGPU → NPU,FP16,161.68496322347465,0.9941972920696325,0.0014251166581643545,1565.6750600848916,128009,top1_mismatch,False,2,1.0,47.2127455,55.732401749999994,5222.028637
1633.6948187509818,1.4913084590807557,8192,22.095071579145852,0.9841269841269841,0.0,21.039996389312194,5014.400429,150.6168131832479,Llama 3.2,42,546,34.614231,79.306005,llama32_1b_fp16,3.1908101928730113,openvino_auto,OpenVINO AUTO (actual iGPU),FP16,128.52174160410203,0.8941176470588236,0.0,1900.7444322758727,198,baseline,True,0,1.0,44.691774,48.0945765,4301.4725499999995
1570.2536063848963,1.4913084590807557,8192,21.801416553204866,0.984375,0.0,21.04278621303582,5216.99168,159.13847064215634,Llama 3.2,42,546,31.057063999999997,75.567174,llama32_1b_fp16,3.0669015749705006,openvino_auto,OpenVINO AUTO (actual iGPU),FP16,137.33705408895148,0.8677130044843049,0.0,1815.2115043771373,198,baseline,True,1,1.0,44.510110000000005,49.04146014999999,4504.1583200000005
1578.5734241658304,1.4913084590807557,8192,22.34406842728574,0.9838709677419355,0.0,21.289175594032894,5189.495702,159.4963461676301,Llama 3.2,42,546,35.1541915,79.30196000000001,llama32_1b_fp16,3.0831512190738875,openvino_auto,OpenVINO AUTO (actual iGPU),FP16,137.15227774034435,0.8738738738738738,0.0,1823.0010919172291,198,baseline,True,2,1.0,44.147768500000005,46.964878549999995,4484.912289000001
536.0696183352625,2.5536438301205635,1024,43.2158306305956,0.9918032786885246,0.0,11.257175278493813,1910.199655,65.31244432195557,Llama 3.2,42,546,19.85353849999999,106.855062,llama32_3b_fp16,8.376087786488476,gpu_gpu,iGPU → iGPU,FP16,22.096613691359966,0.896551724137931,0.0,1744.8013915164981,198,top1_match_all_repeats,True,0,3.0,87.0015235,89.6039883,577.716183
528.0297347486922,2.5536438301205635,1024,42.654333893187946,0.9917355371900827,0.0,11.351113110507946,1939.284727,65.59992683783813,Llama 3.2,42,546,9.935859500000005,96.843889,llama32_3b_fp16,8.250464605448316,gpu_gpu,iGPU → iGPU,FP16,22.945592944650176,0.8548387096774194,0.0,1631.5209299832452,198,top1_match_all_repeats,True,1,3.0,86.9080295,89.6742428,617.828421
531.7407937505551,2.5536438301205635,1024,41.74629337994422,0.9917355371900827,0.0,11.383173770453885,1925.750313,64.41574896248571,Llama 3.2,42,546,6.480631499999986,93.447459,llama32_3b_fp16,8.308449902352423,gpu_gpu,iGPU → iGPU,FP16,22.669455582541488,0.8688524590163934,0.0,1657.851428200273,198,top1_match_all_repeats,True,2,3.0,86.96682750000001,89.9530712,608.015883
417.70319469682715,5.555001899600029,1024,31.86967895022513,0.0,0.9884603320776447,8.689975332919893,2451.50148,57.48192160034395,Llama 3.2,42,546,258.53080500000004,355.744117,llama32_3b_fp16,6.526612417137924,gpu_npu,iGPU → NPU,FP16,25.612242650118823,0.9861111111111112,0.019581606497413053,1389.6268198671048,198,top1_match_all_repeats,True,0,3.0,97.213312,100.73025975,725.374601
461.17782069054414,5.555001899600029,1024,28.718930815797602,0.0,0.9909613185216983,10.017047478861741,2220.401663,53.676318453755876,Llama 3.2,42,546,33.56858300000001,130.68449700000002,llama32_3b_fp16,7.205903448289752,gpu_npu,iGPU → NPU,FP16,24.957387637958277,0.9861111111111112,0.015653821988529118,1394.278745642604,198,top1_match_all_repeats,True,1,3.0,97.115914,99.6845494,722.954433
460.95611433507025,5.555001899600029,1024,29.578600031178453,0.0,0.990192946151855,10.022305897904792,2221.469611,54.774656647497316,Llama 3.2,42,546,32.22111100000001,129.47145500000002,llama32_3b_fp16,7.202439286485473,gpu_npu,iGPU → NPU,FP16,25.196056616318863,0.9861111111111112,0.01618773414035307,1390.7130327687628,198,top1_match_all_repeats,True,2,3.0,97.250344,99.3982875,724.808049
82.20163356830707,33.750633016228676,1024,259.74714692865626,0.993993993993994,0.019914378666441784,1.2894316514781647,12457.173362000001,280.48905162800594,Llama 3.2,90,287,780.9984665,1502.211542,llama32_3b_fp16,1.284400524504798,npu_gpu_combined,NPU + iGPU subgraphs,FP16,20.741904699349675,0.06097560975609756,0.893107987342085,1223.0915298083162,198,top1_mismatch,False,0,3.0,721.2130755000001,738.7687036,824.141101
85.3599970008565,33.750633016228676,1024,260.8237841987509,0.9931573802541545,0.01932966160740896,1.3420812457946254,11996.251593,281.1376536433995,Llama 3.2,90,90,19.12891849999998,764.6414540000001,llama32_3b_fp16,1.3337499531383827,npu_gpu_combined,NPU + iGPU subgraphs,FP16,20.313869444648596,0.04938271604938271,0.903350620032374,1229.8967474227486,198,top1_mismatch,False,1,3.0,745.5125355000001,751.2121039499999,819.580995
84.37548517011194,33.750633016228676,1024,273.3096009562456,0.9951969260326609,0.018984423070902607,1.325303811963323,12136.226511,294.02180774084644,Llama 3.2,90,90,31.28212149999998,783.2068049999999,llama32_3b_fp16,1.3183669557829991,npu_gpu_combined,NPU + iGPU subgraphs,FP16,20.712206784600813,0.06172839506172839,0.8988225142323863,1232.1729781928193,198,top1_mismatch,False,2,3.0,751.9246835,757.3541970499999,818.066958
537.0818445973571,8.377430791035295,1024,41.8005104555759,0.9918032786885246,0.0,11.343513880930132,1906.5995440000002,64.2588474448064,Llama 3.2,42,546,11.587197500000007,98.658376,llama32_3b_fp16,8.391903821833704,openvino_auto,OpenVINO AUTO (actual iGPU),FP16,22.458336989230496,0.9137931034482759,0.0,1725.2652967660842,198,baseline,True,0,3.0,87.0711785,89.24730315000001,584.25797
529.183142328175,8.377430791035295,1024,42.01489132146487,0.9917355371900827,0.0,11.418517217540597,1935.057862,65.07177985014967,Llama 3.2,42,546,6.424753999999991,93.39331,llama32_3b_fp16,8.268486598877734,openvino_auto,OpenVINO AUTO (actual iGPU),FP16,23.056888528684798,0.8548387096774194,0.0,1622.1378508130183,198,baseline,True,1,3.0,86.968556,88.41024125,621.4021819999999
529.4360944051087,8.377430791035295,1024,41.803821762641846,1.0,0.0,11.391117970778227,1934.133337,65.18386718632726,Llama 3.2,42,546,8.411922000000002,95.518051,llama32_3b_fp16,8.272438975079824,openvino_auto,OpenVINO AUTO (actual iGPU),FP16,23.380045423685424,0.8524590163934426,0.0,1632.8701980500973,198,baseline,True,2,3.0,87.10612900000001,87.98141995,617.317899
782.3093029721824,2.5578020960092545,2048,41.58713554564436,0.9917355371900827,0.0,11.196968461695255,2617.8903819999996,90.98584646674911,Llama 3.2,42,319,17.27638549999999,105.10820899999999,llama32_3b_fp16,6.111791429470175,gpu_gpu,iGPU → iGPU,FP16,49.39871092110475,0.905511811023622,0.0,1589.6832548369725,319,top1_match_all_repeats,True,0,3.0,87.8318235,89.73360699999999,1278.2420610000001
765.8736038269113,2.5578020960092545,2048,43.259282265588844,1.0,0.0,11.225396339072269,2674.0704859999996,92.63241409327102,Llama 3.2,42,319,12.505427500000014,100.18574600000001,llama32_3b_fp16,5.983387529897745,gpu_gpu,iGPU → iGPU,FP16,49.37313182768218,0.8796992481203008,0.0,1518.8948743346662,319,top1_match_all_repeats,True,1,3.0,87.6803185,90.99372635,1337.814772
767.1015616375668,2.5578020960092545,2048,42.23533688487256,0.991869918699187,0.0,11.229115187630274,2669.789898,92.22111851553885,Llama 3.2,42,319,12.054259999999983,99.807075,llama32_3b_fp16,5.99298095029349,gpu_gpu,iGPU → iGPU,FP16,49.985781630666295,0.8863636363636364,0.0,1523.2649591568136,319,top1_match_all_repeats,True,2,3.0,87.75281500000001,90.78791505,1333.976724
569.172298907028,5.996397917158902,2048,31.270834912506544,0.0,0.9929171067021109,8.437454835358947,3598.2074390000002,95.36621695642731,Llama 3.2,735,8,261.1783375,361.76878600000003,llama32_3b_fp16,4.446658585211156,gpu_npu,iGPU → NPU,FP16,64.09538204392076,0.9832402234636871,0.007865766614003275,1116.2258369756726,90,top1_mismatch,False,0,3.0,100.5904485,103.65122000000001,1820.420145
598.062087386913,5.996397917158902,2048,27.823104450954183,0.0,0.9917929021423288,9.29300683077449,3424.3936259999996,90.09628093424675,Llama 3.2,382,482,98.87701849999999,199.402265,llama32_3b_fp16,4.672360057710258,gpu_npu,iGPU → NPU,FP16,62.273176483292566,0.9776536312849162,0.00649237780400504,1122.4803622682073,264,top1_mismatch,False,1,3.0,100.5252465,103.2223723,1810.2766589999999
596.5539966338031,5.996397917158902,2048,30.31768951914695,0.0,0.9908009282939046,9.287245410181095,3433.050506,93.45189208030197,Llama 3.2,4194,66,98.755864,199.549378,llama32_3b_fp16,4.660578098701587,gpu_npu,iGPU → NPU,FP16,63.13420256115502,0.9832402234636871,0.00625600885992994,1117.753451453235,264,top1_mismatch,False,2,3.0,100.793514,102.57646704999999,1817.932208
778.398228946693,7.915970413945615,2048,42.68994523297305,0.991869918699187,0.0,11.11239944154533,2631.0440129999997,90.83516274969902,Llama 3.2,42,319,21.822345000000006,109.685935,llama32_3b_fp16,6.0812361636460395,openvino_auto,OpenVINO AUTO (actual iGPU),FP16,48.14521751672597,0.9133858267716536,0.0,1586.0124603273755,319,baseline,True,0,3.0,87.86358999999999,91.53992875,1281.200527
763.6782683117967,7.915970413945615,2048,43.46567790996407,0.991869918699187,0.0,11.122532279262616,2681.7576,92.85145958393754,Llama 3.2,42,319,18.484246999999996,106.37548199999999,llama32_3b_fp16,5.966236471185912,openvino_auto,OpenVINO AUTO (actual iGPU),FP16,49.38578167397346,0.8939393939393939,0.0,1524.2166136629965,319,baseline,True,1,3.0,87.891235,91.87286215000002,1333.143847
767.7346817382437,7.915970413945615,2048,42.02189437806931,0.991869918699187,0.0,11.219421973091185,2667.5882289999995,91.93573957655872,Llama 3.2,42,319,13.265295499999997,101.188009,llama32_3b_fp16,5.997927201080029,openvino_auto,OpenVINO AUTO (actual iGPU),FP16,49.91384519848941,0.8939393939393939,0.0,1527.1065669282907,319,baseline,True,2,3.0,87.9227135,89.9502872,1330.620956
868.1858007577679,2.5552231147885323,4096,42.71681001914109,0.9923076923076923,0.0,10.565813551347448,4717.8841170000005,159.90769749320518,Llama 3.2,42,437,21.207544999999996,114.200143,llama32_3b_fp16,3.3913507842100308,gpu_gpu,iGPU → iGPU,FP16,117.19088747406408,0.9296636085626911,0.0,1237.0342071169125,72,top1_match_all_repeats,True,0,3.0,92.99259800000002,94.43623765000001,3298.211138
849.9056105328265,2.5552231147885323,4096,45.22897564127649,0.9922480620155039,0.0,10.614448028170655,4819.3587019999995,165.47752763595605,Llama 3.2,42,437,15.117160500000004,108.12968000000001,llama32_3b_fp16,3.3199437911438534,gpu_gpu,iGPU → iGPU,FP16,120.24855199467956,0.9169139465875371,0.0,1197.8190740915454,72,top1_match_all_repeats,True,1,3.0,93.0125195,94.15325495,3406.190541
850.2669186723851,2.5552231147885323,4096,45.59279017265488,0.9922480620155039,0.0,10.594658249592095,4817.310788000001,167.83785909759968,Llama 3.2,42,437,16.117296000000003,109.114073,llama32_3b_fp16,3.3213551510640045,gpu_gpu,iGPU → iGPU,FP16,122.24506892494479,0.9169139465875371,0.0,1199.4697750914913,72,top1_match_all_repeats,True,2,3.0,92.99677700000001,94.99643845,3401.502968
680.3885631443926,8.330430769361556,4096,35.045515297798886,0.0,0.9900055764148162,7.679604594484617,6020.0894339999995,174.67206367467514,Llama 3.2,4194,4194,331.29756,439.001768,llama32_3b_fp16,2.6577678247827836,gpu_npu,iGPU → NPU,FP16,139.62654837687626,0.9875311720698254,0.003483765487589942,1003.2300387751951,264,top1_mismatch,False,0,3.0,107.704208,110.33944955,4066.863872
693.8541866602355,8.330430769361556,4096,34.5576334724128,0.0,0.9907354671942556,8.384259272919909,5903.257599,180.2406631150008,Llama 3.2,4194,4194,168.1576455,275.860663,llama32_3b_fp16,2.710367916641545,gpu_npu,iGPU → NPU,FP16,145.68302964258802,0.9778325123152709,0.0035686240032483394,991.6895472860117,14924,top1_mismatch,False,1,3.0,107.7030175,110.319164,4114.190788
698.486482825295,8.330430769361556,4096,32.450639388302534,0.0,0.9898484237702262,8.43106963214957,5864.107754,172.7739261340072,Llama 3.2,4194,4194,158.90403450000002,266.580892,llama32_3b_fp16,2.7284628235363084,gpu_npu,iGPU → NPU,FP16,140.32328674570468,0.9826302729528535,0.002867092864704837,998.782350409472,7998,top1_mismatch,False,2,3.0,107.6768575,109.48473709999999,4084.974067
869.216651992036,3.1715340623632073,4096,44.20639309711103,0.9921875,0.0,10.593454419911968,4712.288922,161.62534760791368,Llama 3.2,42,437,21.5509755,114.26577400000001,llama32_3b_fp16,3.3953775468438905,openvino_auto,OpenVINO AUTO (actual iGPU),FP16,117.41895451080265,0.9325153374233128,0.0,1237.7438291294693,72,baseline,True,0,3.0,92.7147985,94.30396769999999,3296.3202109999997
851.0432810034584,3.1715340623632073,4096,43.68607928967497,0.9923076923076923,0.0,10.610753560155404,4812.916207,167.07463327992537,Llama 3.2,42,437,15.01799999999999,108.08411199999999,llama32_3b_fp16,3.3243878164197596,openvino_auto,OpenVINO AUTO (actual iGPU),FP16,123.38855399025039,0.9169139465875371,0.0,1200.262643236685,72,baseline,True,1,3.0,93.066112,94.6056683,3399.256007
851.6631767764982,3.1715340623632073,4096,44.38862869732266,0.9922480620155039,0.0,10.629307023993828,4809.413054000001,167.47587275076995,Llama 3.2,42,437,15.408518499999996,108.20713699999999,llama32_3b_fp16,3.326809284283196,openvino_auto,OpenVINO AUTO (actual iGPU),FP16,123.0872440534473,0.9196428571428571,0.0,1200.6284233949712,72,baseline,True,2,3.0,92.7986185,94.44744735,3398.220399
840.9218228464197,2.562057756818831,8192,48.11920220520361,0.9928057553956835,0.0,9.820576869039325,9741.690341999998,341.71021252184516,Llama 3.2,42,546,29.180919499999998,128.630568,llama32_3b_fp16,1.6424254352469134,gpu_gpu,iGPU → iGPU,FP16,293.59101031664153,0.9446494464944649,0.0,995.3391975985407,27,top1_match_all_repeats,True,0,3.0,99.4496485,101.72606005,8214.28516
826.2335772251334,2.562057756818831,8192,48.36660344894568,0.9927536231884058,0.0,9.861020473541428,9914.871806000001,343.93872694202236,Llama 3.2,42,546,24.143331000000003,123.552036,llama32_3b_fp16,1.6137374555178388,gpu_gpu,iGPU → iGPU,FP16,295.5721234930767,0.9314079422382672,0.0,974.0602763729432,27,top1_match_all_repeats,True,1,3.0,99.408705,101.59664469999998,8393.731064000001
824.9218739170508,2.562057756818831,8192,48.907059009097615,0.9927536231884058,0.0,9.825767383491202,9930.637384000001,347.6244822108849,Llama 3.2,42,546,25.2402075,124.933821,llama32_3b_fp16,1.6111755349942398,gpu_gpu,iGPU → iGPU,FP16,298.71742320178726,0.9326923076923077,0.0,972.865539972189,27,top1_match_all_repeats,True,2,3.0,99.6936135,102.18888539999999,8404.039062
665.3189531609914,11.38440308533609,8192,41.02298634245423,0.0,0.9939263207025154,6.522411948421407,12312.891375,375.7587183287195,Llama 3.2,4194,4194,447.624303,570.734179,llama32_3b_fp16,1.2994510803925614,gpu_npu,iGPU → NPU,FP16,334.7357319862653,0.9888438133874239,0.0014330186427023838,816.5280105048917,7998,top1_mismatch,False,0,3.0,123.10987600000001,125.08208115,10013.128631000001
673.4900484408342,11.38440308533609,8192,39.28735757292173,0.0,0.9910335982816807,7.043213831919347,12163.505636,382.45860868303794,Llama 3.2,4194,4194,273.27189699999997,396.797599,llama32_3b_fp16,1.3154102508610044,gpu_npu,iGPU → NPU,FP16,343.1712511101162,0.9858156028368794,0.0011623716427518235,814.8461417421682,7998,top1_mismatch,False,1,3.0,123.525702,124.9987826,10033.796052
668.6445862960204,11.38440308533609,8192,39.68186239735641,0.0,0.9922946911860423,7.009384025014176,12251.650828999998,380.35597464425325,Llama 3.2,67692,67692,286.1944635,409.517516,llama32_3b_fp16,1.3059464576094149,gpu_npu,iGPU → NPU,FP16,340.6741122468968,0.9819639278557114,0.0011544095739791148,808.5712907438741,7998,top1_mismatch,False,2,3.0,123.3230525,124.93267545,10111.662500999999
840.856711952097,3.1997664403170347,8192,47.30490710724776,0.9928057553956835,0.0,9.80120117157312,9742.44468,333.9907791531073,Llama 3.2,42,546,29.815155999999995,129.433568,llama32_3b_fp16,1.6422982655314395,openvino_auto,OpenVINO AUTO (actual iGPU),FP16,286.6858720458596,0.9446494464944649,0.0,995.6137446175929,27,baseline,True,0,3.0,99.618412,101.63124915,8212.020017
824.0109767162062,3.1997664403170347,8192,49.130954789066664,0.9927536231884058,0.0,9.885514147172476,9941.615138,345.86601760063456,Llama 3.2,42,546,25.80042099999999,124.58743,llama32_3b_fp16,1.6093964388988402,openvino_auto,OpenVINO AUTO (actual iGPU),FP16,296.7350628115679,0.9303721488595438,0.0,970.5322642211062,27,baseline,True,1,3.0,98.78700900000001,102.62800239999999,8424.243378
824.3703873456008,3.1997664403170347,8192,48.19886283682559,0.9928057553956835,0.0,9.83424115114686,9937.280772999999,340.2300012043576,Llama 3.2,42,546,23.322992,123.03692500000001,llama32_3b_fp16,1.6100984127843765,openvino_auto,OpenVINO AUTO (actual iGPU),FP16,292.03113836753204,0.9326923076923077,0.0,971.9450880806507,27,baseline,True,2,3.0,99.71393300000001,102.0876229,8411.997859
2369.104330887212,0.9332987340167165,1024,9.654293688239045,1.0,0.0,59.777697502971996,432.230859,14.313075671403713,Qwen2.5,42,78,22.103882,37.317903,qwen25_0_5b_fp16,37.01725517011269,gpu_gpu,iGPU → iGPU,FP16,4.658781983164668,0.6111111111111112,0.0,5559.81017087183,291,top1_match_all_repeats,True,0,0.5,15.214021,15.5608924,181.301154
2273.966598655079,0.9332987340167165,1024,8.831686693621933,1.0,0.0,61.96977063360149,450.31444200000004,14.367050427195585,Qwen2.5,42,78,8.991238500000001,24.224101,qwen25_0_5b_fp16,35.53072810398561,gpu_gpu,iGPU → iGPU,FP16,5.535363733573653,0.5714285714285714,0.0,4840.081870368971,291,top1_match_all_repeats,True,1,0.5,15.2328625,16.608904,208.26094
2260.9293922967113,0.9332987340167165,1024,8.876303930828678,1.0,0.0,61.171514515309156,452.911092,14.428662628936411,Qwen2.5,42,78,7.680473,23.03937,qwen25_0_5b_fp16,35.327021754636114,gpu_gpu,iGPU → iGPU,FP16,5.552358698107733,0.5714285714285714,0.0,4853.1788458658275,291,top1_match_all_repeats,True,2,0.5,15.358897,17.65771065,207.69891900000002
1953.1892186656023,2.1501153903082013,1024,9.321851976123314,0.0,0.9373866722529295,36.8110678885641,524.270762,12.846023946464287,Qwen2.5,42,78,124.520972,142.149533,qwen25_0_5b_fp16,30.518581541650036,gpu_npu,iGPU → NPU,FP16,3.524171970340973,0.9166666666666666,0.04897048901670024,8631.273461939822,291,top1_match_all_repeats,True,0,0.5,17.628561,23.970691000000002,116.784621
2526.212738275766,2.1501153903082013,1024,6.806259097258726,0.0,0.9509920677726164,51.827849389430625,405.34986799999996,10.261463332985626,Qwen2.5,42,78,7.256595499999998,25.119902,qwen25_0_5b_fp16,39.47207403555884,gpu_npu,iGPU → NPU,FP16,3.4552042357268995,0.9166666666666666,0.048158296657522665,8694.888595877277,291,top1_match_all_repeats,True,1,0.5,17.863306500000004,23.0763647,115.93018
2522.2051840912736,2.1501153903082013,1024,7.052140530485788,0.0,0.9613194243141356,51.568909467527156,405.99393200000003,10.34594752146848,Qwen2.5,42,78,8.573653999999996,26.591371,qwen25_0_5b_fp16,39.40945600142615,gpu_npu,iGPU → NPU,FP16,3.2938069909826924,0.9166666666666666,0.03600559473954526,8756.004703850813,291,top1_match_all_repeats,True,2,0.5,18.017717,23.08701755,115.120998
501.33568334957124,3.8849987629801035,1024,40.91176631153607,1.0,0.06538530652348538,8.23159884768899,2042.5436170000003,43.52797069370386,Qwen2.5,81826,96630,622.4121865,700.969851,qwen25_0_5b_fp16,7.833370052337051,npu_gpu_combined,NPU + iGPU subgraphs,FP16,2.616204382167784,0.13636363636363635,0.8179579691148668,4575.63311135657,291,top1_mismatch,False,0,0.5,78.5576645,86.10422714999999,220.29738300000002
704.6737194729557,3.8849987629801035,1024,31.872337148665963,1.0,0.05499135008714793,12.094934056625442,1453.154803,34.397719991115494,Qwen2.5,89372,81826,21.9319895,102.082391,qwen25_0_5b_fp16,11.010526866764932,npu_gpu_combined,NPU + iGPU subgraphs,FP16,2.52538284244953,0.09090909090909091,0.8672364210672581,4733.146603186907,291,top1_mismatch,False,1,0.5,80.1504015,86.93882674999999,212.966148
692.6163428473894,3.8849987629801035,1024,31.322251065113274,0.9910714285714286,0.06524926958491928,11.788574398479327,1478.451975,33.63072374082853,Qwen2.5,89372,89372,53.18247600000001,133.432557,qwen25_0_5b_fp16,10.82213035699046,npu_gpu_combined,NPU + iGPU subgraphs,FP16,2.3084726757152563,0.047619047619047616,0.8922966930502095,4892.408558360183,291,top1_mismatch,False,2,0.5,80.250081,86.65143395,206.03348799999998
2280.9370616024767,1.9877989795058966,1024,9.76155930992908,0.9545454545454546,0.0,56.051410832320784,448.938297,14.092634230682913,Qwen2.5,42,78,37.251965999999996,52.447515,qwen25_0_5b_fp16,35.6396415875387,openvino_auto,OpenVINO AUTO (actual iGPU),FP16,4.331074920753833,0.6111111111111112,0.0,5559.022744758106,291,baseline,True,0,0.5,15.195549,16.1355517,181.326835
2265.9311990972883,1.9877989795058966,1024,8.850531255351044,1.0,0.0,61.55369402594316,451.911338,14.32274813578901,Qwen2.5,42,78,11.253072999999999,26.484587,qwen25_0_5b_fp16,35.40517498589513,openvino_auto,OpenVINO AUTO (actual iGPU),FP16,5.472216880437966,0.5714285714285714,0.0,4840.9949746918255,291,baseline,True,1,0.5,15.231514,16.6062088,208.221658
2186.495329817863,1.9877989795058966,1024,8.860175899788757,0.9545454545454546,0.0,61.19568611046857,468.329379,14.24403597163487,Qwen2.5,42,78,8.4692085,23.844744000000002,qwen25_0_5b_fp16,34.16398952840411,openvino_auto,OpenVINO AUTO (actual iGPU),FP16,5.3838600718461125,0.5454545454545454,0.0,4515.844525960018,291,baseline,True,2,0.5,15.3755355,17.291089500000002,223.21406199999998
2964.23971744647,0.9142003450542688,2048,9.982206487615553,1.0,0.0,49.79433908873345,690.902287,20.224601601738687,Qwen2.5,42,522,30.324757,46.763065,qwen25_0_5b_fp16,23.158122792550547,gpu_gpu,iGPU → iGPU,FP16,10.242395114123134,0.6666666666666666,0.0,5214.759488786759,220,top1_match_all_repeats,True,0,0.5,16.438308,26.155030949999997,389.663225
2901.3389312250233,0.9142003450542688,2048,9.096677781319256,1.0,0.0,56.753306339796076,705.8809909999999,21.176776688412616,Qwen2.5,42,522,12.520836999999997,29.068478,qwen25_0_5b_fp16,22.666710400195495,gpu_gpu,iGPU → iGPU,FP16,12.080098907093362,0.6136363636363636,0.0,4601.665926712596,220,top1_match_all_repeats,True,1,0.5,16.547641000000002,18.1297297,441.579209
2851.833989930976,0.9142003450542688,2048,9.592399270316214,0.9583333333333334,0.0,54.51941527970728,718.1343680000001,21.580767323350216,Qwen2.5,42,522,20.8518715,37.542289,qwen25_0_5b_fp16,22.27995304633575,gpu_gpu,iGPU → iGPU,FP16,11.988368053034002,0.6363636363636364,0.0,4586.876138344373,220,top1_match_all_repeats,True,2,0.5,16.6904175,18.34303435,443.00302400000004
2770.711448918199,3.1983783105388284,2048,9.74071629611775,0.0,0.9551138699354994,35.188442366426685,739.160334,20.069615915879385,Qwen2.5,42,8,139.6647425,157.43508500000002,qwen25_0_5b_fp16,21.64618319467343,gpu_npu,iGPU → NPU,FP16,10.328899619761636,0.967741935483871,0.018716201172647988,6494.419532585504,89372,top1_mismatch,False,0,0.5,17.7703425,24.969379049999997,312.884006
3256.083763568839,3.1983783105388284,2048,7.601000286965383,0.0,0.9583588752124019,47.20488633261632,628.976448,18.083654036431717,Qwen2.5,42,8,31.236676999999997,49.380953999999996,qwen25_0_5b_fp16,25.438154402881555,gpu_npu,iGPU → NPU,FP16,10.482653749466333,0.967741935483871,0.013402407884762197,6529.295809598845,89372,top1_mismatch,False,1,0.5,18.144277,23.3607074,311.212734
3339.631337737878,3.1983783105388284,2048,7.194378601307532,0.0,0.9552695455293241,48.73189457829246,613.2413409999999,17.32611029148973,Qwen2.5,42,151643,19.081272,37.560388,qwen25_0_5b_fp16,26.09086982607717,gpu_npu,iGPU → NPU,FP16,10.131731690182198,0.967741935483871,0.01374107061228757,6652.812838734416,89372,top1_mismatch,False,2,0.5,18.479116,23.452067549999995,305.434716
3144.545130998449,2.040728172287345,2048,9.740428310601207,1.0,0.0,55.71604541802646,651.286566,20.328738250097036,Qwen2.5,42,522,22.8349735,39.281959,qwen25_0_5b_fp16,24.566758835925384,openvino_auto,OpenVINO AUTO (actual iGPU),FP16,10.58830993949583,0.6578947368421053,0.0,5318.476497280693,220,baseline,True,0,0.5,16.446985499999997,16.7151854,382.0643
2718.5155112787256,2.040728172287345,2048,9.284453791616558,0.9615384615384616,0.0,50.75007511434034,753.3523319999999,21.640559114087203,Qwen2.5,42,522,17.1116635,33.499046,qwen25_0_5b_fp16,21.238402431865044,openvino_auto,OpenVINO AUTO (actual iGPU),FP16,12.356105322470647,0.6086956521739131,0.0,4438.752637374331,220,baseline,True,1,0.5,16.387382499999998,28.636520799999996,457.786267
2883.6471589780886,2.040728172287345,2048,9.157423727403916,0.9583333333333334,0.0,56.11062744373706,710.2117169999999,21.338908043878686,Qwen2.5,42,522,10.788283499999999,27.344471,qwen25_0_5b_fp16,22.528493429516317,openvino_auto,OpenVINO AUTO (actual iGPU),FP16,12.18148431647477,0.6363636363636364,0.0,4588.122524908854,220,baseline,True,2,0.5,16.5561875,20.14588655,442.88268
3034.9201648542553,0.9078262252733111,4096,11.079995186858174,0.9655172413793104,0.0,43.86502438393833,1349.6236399999998,37.854665079881904,Qwen2.5,42,78,31.199350500000005,51.243226,qwen25_0_5b_fp16,11.855156893961935,gpu_gpu,iGPU → iGPU,FP16,26.774669893023734,0.73,0.0,4048.9624797126016,62,top1_match_all_repeats,True,0,0.5,20.0438755,23.857719749999998,1007.6655489999999
2817.7492814720413,0.9078262252733111,4096,10.267912031348612,0.9655172413793104,0.0,46.14865166161512,1453.6424610000001,40.60978290946809,Qwen2.5,42,78,21.256463499999995,40.764533,qwen25_0_5b_fp16,11.006833130750161,gpu_gpu,iGPU → iGPU,FP16,30.341870878119476,0.7053571428571429,0.0,3615.079520598528,62,top1_match_all_repeats,True,1,0.5,19.5080695,23.44630155,1128.605879
2845.602066983094,0.9078262252733111,4096,10.77982371240567,1.0,0.0,44.477808863252505,1439.414192,40.289082094538706,Qwen2.5,42,78,26.82702,46.685089999999995,qwen25_0_5b_fp16,11.115633074152711,gpu_gpu,iGPU → iGPU,FP16,29.509258382133034,0.6972477064220184,0.0,3701.797147118028,62,top1_match_all_repeats,True,2,0.5,19.858069999999998,23.73208415,1102.167363
3255.93157800964,3.790025919675827,4096,9.572330837656514,0.0,0.9377382214886057,30.970805863321115,1258.0116939999998,35.77492889605537,Qwen2.5,42,151643,157.0572,177.548501,qwen25_0_5b_fp16,12.718482726600156,gpu_npu,iGPU → NPU,FP16,26.202598058398856,0.987012987012987,0.006984758271262143,5273.466644476229,89372,top1_mismatch,False,0,0.5,20.491301,28.679078849999996,773.684613
3630.6621205092188,3.790025919675827,4096,8.466594420896811,0.0,0.9680012419262997,41.8477013338037,1128.168875,34.14970427149738,Qwen2.5,42,151643,40.7916245,61.040116,qwen25_0_5b_fp16,14.182273908239136,gpu_npu,iGPU → NPU,FP16,25.683109850600566,0.9868421052631579,0.007316887029166244,5300.585773969865,89372,top1_mismatch,False,1,0.5,20.2484915,26.01549035,769.726248
3630.309762872128,3.790025919675827,4096,8.65262590164414,0.06666666666666667,0.9594075371002659,41.678565086582346,1128.278375,34.23245414420591,Qwen2.5,42,51186,37.2021285,57.589825,qwen25_0_5b_fp16,14.18089751121925,gpu_npu,iGPU → NPU,FP16,25.579828242561774,0.9868421052631579,0.005905923136989822,5309.864786011121,89372,top1_mismatch,False,2,0.5,20.3876965,26.38795515,768.381148
3042.3615254630645,1.350780539214611,4096,10.291275239605035,1.0,0.0,44.8805488036593,1346.3225740000003,37.359631071567144,Qwen2.5,42,78,30.657608499999995,50.383843999999996,qwen25_0_5b_fp16,11.884224708840096,openvino_auto,OpenVINO AUTO (actual iGPU),FP16,27.06835583196211,0.74,0.0,4031.2139982578155,62,baseline,True,0,0.5,19.7262355,22.792098749999997,1012.102062
2747.4587904457026,1.350780539214611,4096,10.582784933309398,1.0,0.0,42.67533289256163,1490.8321879999999,40.113354659615084,Qwen2.5,42,78,32.602312500000004,52.102776000000006,qwen25_0_5b_fp16,10.732260900178526,openvino_auto,OpenVINO AUTO (actual iGPU),FP16,29.530569726305686,0.6902654867256637,0.0,3581.0171932174894,62,baseline,True,1,0.5,19.500463500000002,32.233098700000006,1139.341081
2827.7188390128445,1.350780539214611,4096,9.839703474665948,1.0,0.0,42.97830372995891,1448.517421,39.90481793553073,Qwen2.5,42,78,35.464899499999994,55.36566,qwen25_0_5b_fp16,11.045776714893924,openvino_auto,OpenVINO AUTO (actual iGPU),FP16,30.065114460864784,0.6972477064220184,0.0,3710.76374837605,62,baseline,True,2,0.5,19.9007605,24.891375349999993,1099.504112
2689.3559239239694,0.9227810930460691,8192,11.397912698882905,0.9696969696969697,0.0,37.56383805239734,3046.082494,85.00188226815493,Qwen2.5,42,78,46.99103600000001,69.778687,qwen25_0_5b_fp16,5.252648288914003,gpu_gpu,iGPU → iGPU,FP16,73.60396956927202,0.7977099236641222,0.0,3089.0571753033405,8,top1_match_all_repeats,True,0,0.5,22.787651,26.263037849999996,2646.762276
2516.4757796349845,0.9227810930460691,8192,10.60748833129782,0.9696969696969697,0.0,39.09940484893042,3255.3462529999997,89.21420497592791,Qwen2.5,42,78,32.187742500000006,54.975293,qwen25_0_5b_fp16,4.914991757099579,gpu_gpu,iGPU → iGPU,FP16,78.6067166446301,0.7640845070422535,0.0,2847.0854303571946,8,top1_match_all_repeats,True,1,0.5,22.7875505,26.0898805,2871.7087
2530.28332314397,0.9227810930460691,8192,11.750422768592834,0.9696969696969697,0.0,39.39493332412788,3237.5821020000003,91.88290004110453,Qwen2.5,42,78,31.659954999999997,54.518764,qwen25_0_5b_fp16,4.941959615515566,gpu_gpu,iGPU → iGPU,FP16,80.13247727251171,0.7632508833922261,0.0,2861.920914919376,8,top1_match_all_repeats,True,2,0.5,22.858809,25.109816749999997,2856.822478
2896.405612149763,5.3119816817343235,8192,11.388276078049145,0.0,0.9085789977888877,26.00807155299033,2828.333147,88.92552670192482,Qwen2.5,42,151643,186.513786,209.894256,qwen25_0_5b_fp16,5.657042211230006,gpu_npu,iGPU → NPU,FP16,77.53725062387568,0.9955156950672646,0.0024427192148308826,3631.2131455376903,89372,top1_mismatch,False,0,0.5,23.38047,40.0217218,2251.589117
3070.121760909111,5.3119816817343235,8192,9.864986066763716,0.0,0.9563700109123398,33.29764299570672,2668.29808,84.53365303619366,Qwen2.5,42,151643,80.27002750000001,103.710693,qwen25_0_5b_fp16,5.996331564275607,gpu_npu,iGPU → NPU,FP16,74.66866696942994,0.9954337899543378,0.0018748176043248434,3686.510036786897,89372,top1_mismatch,False,1,0.5,23.440665499999998,31.256373099999998,2217.815744
3099.9136709612935,5.3119816817343235,8192,9.963845819601374,0.0,0.9579592599745083,34.377516319602876,2642.654238,82.4737355023696,Qwen2.5,42,151643,65.39738550000001,88.73967,qwen25_0_5b_fp16,6.054518888596276,gpu_npu,iGPU → NPU,FP16,72.50988968276823,0.9908256880733946,0.0021800982895455543,3705.7138493398033,89372,top1_mismatch,False,2,0.5,23.342284499999998,31.46177735,2206.322542
2684.9162425121453,1.3113034395501018,8192,12.121396914033916,0.9696969696969697,0.0,37.92086452533005,3051.1193869999997,82.87217749948371,Qwen2.5,42,78,40.368918,63.379474,qwen25_0_5b_fp16,5.243977036156534,openvino_auto,OpenVINO AUTO (actual iGPU),FP16,70.7507805854498,0.8015267175572519,0.0,3078.8247076970656,8,baseline,True,0,0.5,23.010556,26.6206027,2655.558785
2515.964933093783,1.3113034395501018,8192,12.800440459587788,0.9696969696969697,0.0,38.37590018029254,3256.007225,91.55990187090423,Qwen2.5,42,78,36.61781,59.646074,qwen25_0_5b_fp16,4.913994009948795,openvino_auto,OpenVINO AUTO (actual iGPU),FP16,78.75946141131644,0.7667844522968198,0.0,2853.615810537976,8,baseline,True,1,0.5,23.028264,26.27539825,2865.136915
2511.783430078562,1.3113034395501018,8192,12.131694366148789,1.0,0.0,38.28302305627987,3261.427678,90.95828250822466,Qwen2.5,42,78,30.879824,53.609759,qwen25_0_5b_fp16,4.905827011872192,openvino_auto,OpenVINO AUTO (actual iGPU),FP16,78.82658814207586,0.7640845070422535,0.0,2849.1685594538003,8,baseline,True,2,0.5,22.729935,31.340761199999996,2869.6090910000003
1015.0033191401506,1.6709308847784996,1024,23.34205704290465,0.9836065573770492,0.0,22.221603605698732,1008.8636960000001,34.01359510119007,Qwen2.5,42,78,16.121927,59.704240999999996,qwen25_1_5b_fp16,15.859426861564852,gpu_gpu,iGPU → iGPU,FP16,10.671538058285421,0.8181818181818182,0.0,3019.3661335044185,291,top1_match_all_repeats,True,0,1.5,43.582314,45.64459405,333.84490500000004
980.8388908137426,1.6709308847784996,1024,22.43097423160133,0.9836065573770492,0.0,22.553990554533097,1044.00428,34.39303257398403,Qwen2.5,42,78,9.532815,52.910336,qwen25_1_5b_fp16,15.325607668964729,gpu_gpu,iGPU → iGPU,FP16,11.9620583423827,0.7105263157894737,0.0,2660.0973240940975,291,top1_match_all_repeats,True,1,1.5,43.377521,45.06358405,378.93350399999997
996.2848663814116,1.6709308847784996,1024,21.381179666810027,1.0,0.0,22.477790538086463,1027.8184829999998,32.87154210231628,Qwen2.5,42,78,12.014416,55.536018999999996,qwen25_1_5b_fp16,15.566951037209556,gpu_gpu,iGPU → iGPU,FP16,11.490362435506256,0.75,0.0,2796.169961729199,291,top1_match_all_repeats,True,2,1.5,43.521603,44.418626749999994,360.493108
814.7551119601545,3.4886896423995495,1024,18.66068957211277,0.0,0.9810244230444831,16.364903911732,1256.8193620000002,30.640573796409228,Qwen2.5,42,78,186.644851,234.060161,qwen25_1_5b_fp16,12.730548624377414,gpu_npu,iGPU → NPU,FP16,11.979884224296459,0.9705882352941176,0.025183431080003312,2962.756597647449,291,top1_match_all_repeats,True,0,1.5,47.415310000000005,54.75503085,340.223696
934.9172639534885,3.4886896423995495,1024,15.983463487281561,0.0,0.9788104591996393,19.98933057486968,1095.2840849999998,27.19154110895417,Qwen2.5,42,78,21.257724000000007,68.662608,qwen25_1_5b_fp16,14.608082249273258,gpu_npu,iGPU → NPU,FP16,11.208077621672608,0.9714285714285714,0.019284757988378278,2922.72380879346,291,top1_match_all_repeats,True,1,1.5,47.404883999999996,54.15565405,344.883768
938.2189560865737,3.4886896423995495,1024,14.867856316400637,0.0,0.9808274280844883,20.091977160201182,1091.429664,26.287016026038074,Qwen2.5,42,78,18.838401499999996,66.26960199999999,qwen25_1_5b_fp16,14.659671188852714,gpu_npu,iGPU → NPU,FP16,11.419159709637437,0.9714285714285714,0.01945410104831826,2922.8996656289773,291,top1_match_all_repeats,True,2,1.5,47.4312005,53.66817335,344.863018
159.76566179338394,8.697680806741118,1024,142.54995563597086,0.9979716024340771,0.025025109643235562,2.512044668460185,6409.387277,151.45471031425197,Qwen2.5,283,69754,626.926127,981.203312,qwen25_1_5b_fp16,2.496338465521624,npu_gpu_combined,NPU + iGPU subgraphs,FP16,8.904754678281122,0.06818181818181818,0.8976531406934588,2300.551129431613,291,top1_mismatch,False,0,1.5,354.277185,366.59889565000003,438.155878
166.9255416649712,8.697680806741118,1024,133.45364041018126,0.9980769230769231,0.024115680735610323,2.64201365027035,6134.471632000001,141.21180378549022,Qwen2.5,283,283,37.32217599999993,410.375342,qwen25_1_5b_fp16,2.608211588515175,npu_gpu_combined,NPU + iGPU subgraphs,FP16,7.758163375308972,0.06521739130434782,0.8737199957531111,2205.766827255172,291,top1_mismatch,False,1,1.5,373.05316600000003,389.02324304999996,456.98393300000004
166.64411454288808,8.697680806741118,1024,138.82164258121492,1.0,0.024077629998599456,2.641463475621028,6144.8314740000005,146.5408423515746,Qwen2.5,283,283,65.30061900000005,437.082913,qwen25_1_5b_fp16,2.603814289732626,npu_gpu_combined,NPU + iGPU subgraphs,FP16,7.719199770359711,0.06521739130434782,0.8578662518373873,2162.3419166902218,291,top1_mismatch,False,2,1.5,371.782294,390.4651399,466.161245
1011.2790460451487,4.743245515041053,1024,21.634452069441604,0.9836065573770492,0.0,22.150324892843745,1012.579074,32.176222152245636,Qwen2.5,42,78,18.002156000000006,61.618011,qwen25_1_5b_fp16,15.801235094455448,openvino_auto,OpenVINO AUTO (actual iGPU),FP16,10.541770082804028,0.7941176470588235,0.0,3005.473324718756,291,baseline,True,0,1.5,43.615854999999996,45.577434,335.388104
1000.2874800819831,4.743245515041053,1024,21.849905795953052,0.9838709677419355,0.0,22.428145358317238,1023.705705,34.01071500823536,Qwen2.5,42,78,8.667740499999994,52.177268999999995,qwen25_1_5b_fp16,15.629491876280985,openvino_auto,OpenVINO AUTO (actual iGPU),FP16,12.160809212282304,0.7714285714285715,0.0,2840.211149299021,291,baseline,True,1,1.5,43.5095285,46.3062299,354.903191
992.6160628787688,4.743245515041053,1024,22.058579368113556,0.9836065573770492,0.0,22.417209535138554,1031.617398,33.90662446805531,Qwen2.5,42,78,15.273837000000006,58.631724000000006,qwen25_1_5b_fp16,15.509625982480763,openvino_auto,OpenVINO AUTO (actual iGPU),FP16,11.848045099941755,0.7777777777777778,0.0,2780.776944719597,291,baseline,True,2,1.5,43.357887,44.75563305,362.488621
1398.5745163090473,1.6549215903505683,2048,23.43943592355296,0.9848484848484849,0.0,20.278340337242266,1464.3481459999998,47.54009554451513,Qwen2.5,42,220,23.565725499999996,70.101923,qwen25_1_5b_fp16,10.926363408664432,gpu_gpu,iGPU → iGPU,FP16,24.100659620962176,0.8194444444444444,0.0,2804.140810703604,220,top1_match_all_repeats,True,0,1.5,46.5361975,53.8247413,724.64264
1366.154208948247,1.6549215903505683,2048,22.35148375103595,0.9848484848484849,0.0,20.844968010130874,1499.0987010000001,48.04695553438617,Qwen2.5,42,220,14.474234500000001,60.999628,qwen25_1_5b_fp16,10.67307975740818,gpu_gpu,iGPU → iGPU,FP16,25.69547178335022,0.7922077922077922,0.0,2606.797320742437,220,top1_match_all_repeats,True,1,1.5,46.5253935,49.796110549999995,779.500571
1360.7559327169686,1.6549215903505683,2048,23.261027436098225,1.0,0.0,20.416328324438073,1505.045799,49.33237634725531,Qwen2.5,42,220,18.99911950000001,65.452983,qwen25_1_5b_fp16,10.630905724351317,gpu_gpu,iGPU → iGPU,FP16,26.071348911157088,0.7792207792207793,0.0,2637.797167485111,220,top1_match_all_repeats,True,2,1.5,46.4538635,54.70955785,770.339746
1146.8742767303595,4.149856457486749,2048,17.545911028962667,0.0,0.9728034203143663,15.57157535236046,1785.7231969999998,47.29676059918477,Qwen2.5,271,13,198.79146350000002,247.888087,qwen25_1_5b_fp16,8.959955286955934,gpu_npu,iGPU → NPU,FP16,29.750849570222105,0.9878048780487805,0.010991823281149834,2470.728418948724,283,top1_mismatch,False,0,1.5,49.0966235,59.35882599999999,822.429525
1271.4631090175278,4.149856457486749,2048,16.78613396053171,0.0,0.9786444494601756,18.862249719637806,1610.742762,46.497097272575225,Qwen2.5,42,819,39.3654405,88.55147500000001,qwen25_1_5b_fp16,9.933305539199436,gpu_npu,iGPU → NPU,FP16,29.710963312043518,0.9876543209876543,0.010483093132508154,2491.7119248165363,283,top1_mismatch,False,1,1.5,49.186034500000005,56.62088194999999,815.5035819999999
1264.732858713221,4.149856457486749,2048,16.593714494460002,0.0,0.9769761867968799,18.836398888604243,1619.3142970000001,46.5355292177509,Qwen2.5,42,13,39.74441449999999,88.938698,qwen25_1_5b_fp16,9.88072545869704,gpu_npu,iGPU → NPU,FP16,29.941814723290896,0.9878048780487805,0.010669712611005277,2469.0645741444846,283,top1_mismatch,False,2,1.5,49.194283500000004,56.315508099999995,822.983741
1409.8638025856274,8.34754111431539,2048,25.416810443063095,1.0,0.0,20.57018616979797,1452.622584,52.28075620212233,Qwen2.5,42,220,20.334507499999994,67.066302,qwen25_1_5b_fp16,11.014560957700214,openvino_auto,OpenVINO AUTO (actual iGPU),FP16,26.863945759059234,0.8194444444444444,0.0,2808.9115821912337,220,baseline,True,0,1.5,46.7317945,49.735279850000005,723.411877
1345.8191512328403,8.34754111431539,2048,23.235403114553584,0.9848484848484849,0.0,20.532744196156006,1521.749782,50.49108878679413,Qwen2.5,42,220,16.6687645,63.662309,qwen25_1_5b_fp16,10.514212119006565,openvino_auto,OpenVINO AUTO (actual iGPU),FP16,27.25568567224055,0.759493670886076,0.0,2568.2204376300456,220,baseline,True,1,1.5,46.9935445,50.317366,791.209341
1350.5582503841788,8.34754111431539,2048,22.436940749119728,1.0,0.0,20.358070335927813,1516.409973,47.87125709565368,Qwen2.5,42,220,21.047647,67.642168,qwen25_1_5b_fp16,10.551236331126397,openvino_auto,OpenVINO AUTO (actual iGPU),FP16,25.434316346533954,0.7922077922077922,0.0,2606.460049405989,220,baseline,True,2,1.5,46.594521,53.8099788,779.6014369999999
1703.5038278928787,1.671638049185276,4096,21.58785076735699,0.9841269841269841,0.0,21.21861532151427,2404.456,75.36162733122013,Qwen2.5,42,78,31.544564000000005,76.23941400000001,qwen25_1_5b_fp16,6.654311827706557,gpu_gpu,iGPU → iGPU,FP16,53.773776563863144,0.844311377245509,0.0,2403.4927429296517,220,top1_match_all_repeats,True,0,1.5,44.69485,46.5722248,1697.529569
1615.1515932468096,1.671638049185276,4096,21.645568523481565,0.9841269841269841,0.0,21.282415866569966,2535.984868,82.86869974474936,Qwen2.5,42,78,27.9302605,72.596193,qwen25_1_5b_fp16,6.30918591112035,gpu_gpu,iGPU → iGPU,FP16,61.22313122126779,0.8066298342541437,0.0,2228.0743578204356,220,top1_match_all_repeats,True,1,1.5,44.665932500000004,47.106267450000004,1831.177665
1634.2013256294047,1.671638049185276,4096,22.367952819962316,0.9838709677419355,0.0,21.51216734208275,2506.423129,81.4949949933806,Qwen2.5,42,78,20.579845,65.285731,qwen25_1_5b_fp16,6.383598928239862,gpu_gpu,iGPU → iGPU,FP16,59.12704217341829,0.8146067415730337,0.0,2255.211050258657,220,top1_match_all_repeats,True,2,1.5,44.705886,47.207606299999995,1809.143317
1440.362704765708,5.203982960432768,4096,18.618174447306046,0.0,0.9773623089197,14.719507508358959,2843.7281709999997,85.79096747048017,Qwen2.5,198,13,228.932571,279.926656,qwen25_1_5b_fp16,5.626416815491047,gpu_npu,iGPU → NPU,FP16,67.17279302317412,0.9888888888888889,0.00471865541303485,2236.0178960722633,283,top1_mismatch,False,0,1.5,50.994085,60.5503181,1824.672337
1509.1060637030785,5.203982960432768,4096,18.14601783572401,0.0,0.9786172354278204,17.237192336887603,2714.1896110000002,86.09483566567036,Qwen2.5,42,13,85.8982135,136.851056,qwen25_1_5b_fp16,5.89494556134015,gpu_npu,iGPU → NPU,FP16,67.94881782994635,0.994535519125683,0.0037890901735862905,2212.60740063433,283,top1_mismatch,False,1,1.5,50.952842499999996,58.70467319999999,1843.978285
1525.8163418326792,5.203982960432768,4096,16.72046322441814,0.0,0.9787059037853887,17.45765204817119,2684.4646289999996,83.0040438777303,Qwen2.5,42,279,75.1438985,126.149966,qwen25_1_5b_fp16,5.960220085283903,gpu_npu,iGPU → NPU,FP16,66.28358065331216,0.988950276243094,0.004779638725878819,2235.319349104262,283,top1_mismatch,False,2,1.5,51.0060675,58.60815495,1825.242555
1703.181505254159,2.1733186691999435,4096,23.00033697916929,0.9841269841269841,0.0,21.299049867702585,2404.911037,82.42913078723541,Qwen2.5,42,78,27.866270999999998,72.52522,qwen25_1_5b_fp16,6.653052754899059,openvino_auto,OpenVINO AUTO (actual iGPU),FP16,59.42879380806612,0.8452380952380952,0.0,2399.07668005914,220,baseline,True,0,1.5,44.65894900000001,47.0527045,1700.65427
1614.8010239655146,2.1733186691999435,4096,23.234022947196703,0.9841269841269841,0.0,21.1610435402155,2536.5354239999997,84.56610607029198,Qwen2.5,42,78,29.993397499999997,74.616457,qwen25_1_5b_fp16,6.307816499865291,openvino_auto,OpenVINO AUTO (actual iGPU),FP16,61.33208312309528,0.8066298342541437,0.0,2232.331310243325,220,baseline,True,1,1.5,44.6230595,48.2103175,1827.685694
1627.221771402249,2.1733186691999435,4096,22.348972095671176,0.9838709677419355,0.0,21.359745537762972,2517.1737940000003,83.69250179294299,Qwen2.5,42,78,24.61765149999999,69.30172499999999,qwen25_1_5b_fp16,6.356335044540035,openvino_auto,OpenVINO AUTO (actual iGPU),FP16,61.34352969727182,0.8166666666666667,0.0,2248.0351548751337,220,baseline,True,2,1.5,44.684073500000004,48.42182755,1814.918237
1593.9794344485392,1.6647716462612152,8192,24.34802377865463,0.9852941176470589,0.0,19.545877697122307,5139.338578,170.84490466499898,Qwen2.5,42,261,36.083645999999995,84.36115099999999,qwen25_1_5b_fp16,3.113241082907303,gpu_gpu,iGPU → iGPU,FP16,146.49688088634434,0.8752886836027713,0.0,1870.1194143434132,220,top1_match_all_repeats,True,0,1.5,48.277505,50.668234749999996,4371.913332
1526.3732712918795,1.6647716462612152,8192,24.903276962499113,0.9855072463768116,0.0,19.532305787252795,5366.970291,177.1343408345819,Qwen2.5,42,261,30.9977855,79.860898,qwen25_1_5b_fp16,2.981197795491952,gpu_gpu,iGPU → iGPU,FP16,152.23106387208279,0.8549450549450549,0.0,1777.773214865182,220,top1_match_all_repeats,True,1,1.5,48.8631125,50.528452200000004,4599.011804
1524.9000329790347,1.6647716462612152,8192,25.174907419832774,0.9852941176470589,0.0,19.58324790903004,5372.155435,179.464606367435,Qwen2.5,42,261,30.770626000000004,79.342116,qwen25_1_5b_fp16,2.978320376912177,gpu_gpu,iGPU → iGPU,FP16,154.28969894760223,0.8549450549450549,0.0,1775.0009772871852,220,top1_match_all_repeats,True,2,1.5,48.571490000000004,50.694644,4606.194646999999
1436.6871705245176,6.948272679001093,8192,19.335091358089525,0.0,0.9741881639262262,13.398854565866928,5702.006789,185.44986458286223,Qwen2.5,42,45195,257.9817665,313.527073,qwen25_1_5b_fp16,2.8060296299306984,gpu_npu,iGPU → NPU,FP16,166.1147732247727,0.9933774834437086,0.0018679726901493629,1784.1757844230365,283,top1_mismatch,False,0,1.5,55.5453065,66.3210663,4582.508109
1485.4204045296813,6.948272679001093,8192,18.74203030501003,0.0,0.9790254523978628,15.512472556393572,5514.937034,183.3862703905657,Qwen2.5,311,311,114.75934750000002,170.550427,qwen25_1_5b_fp16,2.9012117275970337,gpu_npu,iGPU → NPU,FP16,164.64424008555568,0.9933184855233853,0.0015039666473883062,1797.7238755916362,283,top1_mismatch,False,1,1.5,55.791079499999995,62.431346199999986,4547.973196
1489.419967351387,6.948272679001093,8192,19.314082998148,0.0,0.9783249132382333,15.468493217695292,5500.127687,187.5260502441502,Qwen2.5,437,1753,114.17112300000001,169.83769900000001,qwen25_1_5b_fp16,2.9090233737331777,gpu_npu,iGPU → NPU,FP16,168.21196724600222,0.9955357142857143,0.0018812847641746307,1804.691333085977,283,top1_mismatch,False,2,1.5,55.666576,63.613831950000005,4530.4146200000005
1585.7992178699267,2.1653368724510074,8192,25.74400597058969,0.9852941176470589,0.0,19.40710037826237,5165.8494390000005,172.29317439524198,Qwen2.5,42,261,38.863736499999995,87.473343,qwen25_1_5b_fp16,3.0972640974022005,openvino_auto,OpenVINO AUTO (actual iGPU),FP16,146.5491684246523,0.8778801843317973,0.0,1861.1696519585068,220,baseline,True,0,1.5,48.6096065,50.45135584999999,4392.936448
1522.4001689327483,2.1653368724510074,8192,24.51226668830181,0.9852941176470589,0.0,19.82405508809927,5380.976807,177.36024786470094,Qwen2.5,42,261,28.140056499999996,76.341986,qwen25_1_5b_fp16,2.973437829946774,openvino_auto,OpenVINO AUTO (actual iGPU),FP16,152.84798117639912,0.8512035010940919,0.0,1768.0436139441701,220,baseline,True,1,1.5,48.201929500000006,50.6232435,4624.3203140000005
1519.0618939371043,2.1653368724510074,8192,24.23701019054877,0.9852941176470589,0.0,19.745044508515853,5392.801987000001,178.90896644548164,Qwen2.5,42,261,29.980421500000006,78.157714,qwen25_1_5b_fp16,2.966917761595907,openvino_auto,OpenVINO AUTO (actual iGPU),FP16,154.67195625493287,0.8518518518518519,0.0,1764.686443149489,220,baseline,True,2,1.5,48.17729249999999,50.75145075,4633.117703
513.7037132624425,2.789744785055518,1024,41.06401270193119,1.0,0.0,10.62354782209812,1993.366942,61.14214097649398,Qwen2.5,42,78,22.278633500000005,113.39930700000001,qwen25_3b_fp16,8.026620519725665,gpu_gpu,iGPU → iGPU,FP16,20.078128274562786,0.8793103448275862,0.0,1733.7185288979988,290,top1_match_all_repeats,True,0,3.0,91.1206735,97.85417325,581.409256
508.0445377105066,2.789744785055518,1024,43.1229998117395,1.0,0.0,10.824217659499535,2015.571321,65.03463419199078,Qwen2.5,42,78,20.241441499999997,110.586364,qwen25_3b_fp16,7.938195901726665,gpu_gpu,iGPU → iGPU,FP16,21.91163438025128,0.8253968253968254,0.0,1600.5338288425166,290,top1_match_all_repeats,True,1,3.0,90.34492250000001,95.07992044999999,629.789875
512.7420592796457,2.789744785055518,1024,43.545706709041134,0.9921259842519685,0.0,10.791038897709017,1997.1055259999998,65.75984254671522,Qwen2.5,42,78,14.368366999999992,105.34460499999999,qwen25_3b_fp16,8.011594676244464,gpu_gpu,iGPU → iGPU,FP16,22.214135837674092,0.8666666666666667,0.0,1660.4529404286563,290,top1_match_all_repeats,True,2,3.0,90.976238,95.74199429999999,607.063275
170.18859187875364,5.953581932932138,1024,30.19503525759876,0.0,0.9897520078276821,8.815723876501492,6016.85453,152.1765759749107,Qwen2.5,42,78,225.1610995,322.976042,qwen25_3b_fp16,2.6591967481055256,gpu_npu,iGPU → NPU,FP16,121.98154071731193,0.9976580796252927,0.0026903963287299403,233.58479753314208,290,top1_match_all_repeats,True,0,3.0,97.8149425,101.43412945,4315.349332000001
176.04326096722374,5.953581932932138,1024,26.72961947839574,0.0,0.9913909771319073,9.972969920543374,5816.752055,143.7826637739639,Qwen2.5,42,78,31.265180500000017,129.00457,qwen25_3b_fp16,2.750675952612871,gpu_npu,iGPU → NPU,FP16,117.05304429556816,0.9976580796252927,0.0026864924809464836,233.72901957483646,290,top1_match_all_repeats,True,1,3.0,97.7393895,100.5588236,4312.686554
175.80329157642794,5.953581932932138,1024,27.55417649669848,0.0,0.9910168214855533,9.921026729013935,5824.691852,146.79461810625787,Qwen2.5,42,78,38.46611899999999,136.148302,qwen25_3b_fp16,2.7469264308816865,gpu_npu,iGPU → NPU,FP16,119.24044160955938,0.9976580796252927,0.002107935006917098,233.7254963120047,290,top1_match_all_repeats,True,2,3.0,97.68218300000001,100.82995355,4312.7515650000005
15.199757511286032,23.223629924468696,1024,1710.3240068448179,0.9996698580389568,0.0026607895961474515,0.22554565483834121,67369.49581200001,1733.2178515025864,Qwen2.5,220,141473,677.0697624999995,5065.349518,qwen25_3b_fp16,0.23749621111384425,npu_gpu_combined,NPU + iGPU subgraphs,FP16,22.893844657768486,0.13953488372093023,0.8199894875617365,1166.5134038170588,290,top1_mismatch,False,0,3.0,4388.2797555,4420.6474222,864.113517
15.281385512635882,23.223629924468696,1024,1729.846413960811,0.9998359310910583,0.00263134413927608,0.22676615859774746,67009.630714,1752.9051917030906,Qwen2.5,220,220,0.0,4402.186816,qwen25_3b_fp16,0.23877164863493566,npu_gpu_combined,NPU + iGPU subgraphs,FP16,23.058777742279688,0.13953488372093023,0.8258855266482489,1169.1096864390988,290,top1_mismatch,False,1,3.0,4408.0777025,4430.79879175,862.19455
15.265270032248647,23.223629924468696,1024,1728.4648673294084,0.9995077932731747,0.0026551421147302185,0.22651740861171837,67080.372495,1751.2023468633415,Qwen2.5,0,220,0.6553485000004855,4412.084914,qwen25_3b_fp16,0.23851984425388512,npu_gpu_combined,NPU + iGPU subgraphs,FP16,22.737479533933133,0.13953488372093023,0.8276053133794079,1171.6889881071302,290,top1_mismatch,False,2,3.0,4411.4295655,4431.34374395,860.296555
511.61991347332133,8.413142912089825,1024,42.79274608596081,0.9922480620155039,0.0,10.56431005256959,2001.485816,63.102087724957705,Qwen2.5,42,78,24.994537999999995,115.989831,qwen25_3b_fp16,7.994061148020646,openvino_auto,OpenVINO AUTO (actual iGPU),FP16,20.309341638996898,0.8793103448275862,0.0,1733.1177749760836,290,baseline,True,0,3.0,90.995293,100.76107875000001,581.6107910000001
506.87635015320603,8.413142912089825,1024,40.481091886881565,0.9921259842519685,0.0,10.790380945119539,2020.2165670000004,61.42179584045928,Qwen2.5,42,78,15.022169000000002,105.464012,qwen25_3b_fp16,7.919942971143844,openvino_auto,OpenVINO AUTO (actual iGPU),FP16,20.940703953577717,0.8387096774193549,0.0,1599.7725859785992,290,baseline,True,1,3.0,90.44184299999999,97.91285529999999,630.089557
507.67945391364344,8.413142912089825,1024,40.5554402956133,0.9922480620155039,0.0,10.60815137197216,2017.020764,61.73673839642411,Qwen2.5,42,78,15.092098999999997,106.365505,qwen25_3b_fp16,7.932491467400679,openvino_auto,OpenVINO AUTO (actual iGPU),FP16,21.181298100810807,0.8666666666666667,0.0,1671.6035576181314,290,baseline,True,2,3.0,91.273406,100.62771444999998,603.0137920000001
739.6758694038298,2.800072302110493,2048,42.989717810215396,0.9928057553956835,0.0,9.826272362787046,2768.7803329999997,87.65506971318558,Qwen2.5,42,220,25.534078999999988,124.26487999999999,qwen25_3b_fp16,5.77871772971742,gpu_gpu,iGPU → iGPU,FP16,44.66535190297019,0.8943089430894309,0.0,1635.727819476029,220,top1_match_all_repeats,True,0,3.0,98.73080100000001,103.9432763,1242.260464
724.0150503497318,2.800072302110493,2048,44.037910885957885,0.9928057553956835,0.0,9.859794128458285,2828.6704799999998,91.3198616084489,Qwen2.5,42,220,13.979001000000006,113.84433100000001,qwen25_3b_fp16,5.65636758085728,gpu_gpu,iGPU → iGPU,FP16,47.28195072249102,0.8682170542635659,0.0,1554.3004567468697,220,top1_match_all_repeats,True,1,3.0,99.86533,104.1105031,1307.340541
727.0726149942805,2.800072302110493,2048,44.457912013976575,0.9928571428571429,0.0,9.858521320098015,2816.7750480000004,91.30615653603785,Qwen2.5,42,220,12.829017999999984,112.726548,qwen25_3b_fp16,5.680254804642816,gpu_gpu,iGPU → iGPU,FP16,46.848244522061265,0.875,0.0,1568.8106920415082,220,top1_match_all_repeats,True,2,3.0,99.89753000000002,104.039077,1295.2486940000001
187.10806505361293,6.534896406345069,2048,29.970078498922216,0.0,0.9897571099414533,8.518436657183571,10945.546358,285.7443908835781,Qwen2.5,42,4710,251.839064,351.572034,qwen25_3b_fp16,1.461781758231351,gpu_npu,iGPU → NPU,FP16,255.7743123846559,0.9988974641675854,0.0012809401943285092,221.23845940293506,220,top1_mismatch,False,0,3.0,99.73297000000001,104.46886035,9184.659871
191.4608114969905,6.534896406345069,2048,28.307547004432934,0.0,0.9875964706188163,9.587053232222363,10696.705941999999,287.5919700740218,Qwen2.5,42,1718,58.99234650000002,158.93169400000002,qwen25_3b_fp16,1.4957875898202382,gpu_npu,iGPU → NPU,FP16,259.28442306958885,0.9988913525498891,0.0012341088129454183,222.5118995479228,220,top1_mismatch,False,1,3.0,99.9393475,102.39185755,9132.095874999999
190.732220702847,6.534896406345069,2048,29.646488131125512,0.0,0.9896084827448995,9.505573428216362,10737.567006,290.7268252070558,Qwen2.5,42,1718,74.2844115,173.979452,qwen25_3b_fp16,1.4900954742409922,gpu_npu,iGPU → NPU,FP16,261.0803370759303,0.9988950276243094,0.0010269068564582279,221.8450704149606,220,top1_mismatch,False,2,3.0,99.6950405,102.94850089999998,9159.545425999999
735.0857833443984,7.723630679771304,2048,43.199460523656526,0.9928571428571429,0.0,9.772237343680946,2786.0693899999997,88.61728989918167,Qwen2.5,42,220,20.43445149999999,120.48389499999999,qwen25_3b_fp16,5.742857682378112,openvino_auto,OpenVINO AUTO (actual iGPU),FP16,45.417829375525145,0.8870967741935484,0.0,1624.1594121798773,220,baseline,True,0,3.0,100.0494435,105.15026845,1251.108718
723.0901438068121,7.723630679771304,2048,43.12418188129028,0.9928571428571429,0.0,9.79450211911987,2832.2886399999998,90.29080807894302,Qwen2.5,42,220,14.458865500000002,114.35602300000001,qwen25_3b_fp16,5.649141748490719,openvino_auto,OpenVINO AUTO (actual iGPU),FP16,47.16662619765273,0.8682170542635659,0.0,1562.094933725843,220,baseline,True,1,3.0,99.8971575,106.0088787,1300.817227
722.8717862911677,7.723630679771304,2048,44.44460480360568,0.9928571428571429,0.0,9.807851600405176,2833.144188,91.20246477958266,Qwen2.5,42,220,15.073428,115.192989,qwen25_3b_fp16,5.647435830399748,openvino_auto,OpenVINO AUTO (actual iGPU),FP16,46.75785997597698,0.8682170542635659,0.0,1558.5723337212964,220,baseline,True,2,3.0,100.11956099999999,104.67509199999999,1303.757263
899.9434864931993,2.763699364848435,4096,41.61464016584719,0.9922480620155039,0.0,10.48851653020552,4551.396906,153.91369347067837,Qwen2.5,42,1718,31.45649399999999,124.144037,qwen25_3b_fp16,3.51540424411406,gpu_gpu,iGPU → iGPU,FP16,112.29905330483116,0.9158576051779935,0.0,1307.1638322479619,36,top1_match_all_repeats,True,0,3.0,92.687543,96.28903589999999,3121.26139
876.8859758392337,2.763699364848435,4096,41.445756127606096,0.9923076923076923,0.0,10.48239379444412,4671.074817999999,156.04669809514434,Qwen2.5,42,1718,22.046770000000006,114.904352,qwen25_3b_fp16,3.4253358431220065,gpu_gpu,iGPU → iGPU,FP16,114.60094196753823,0.897196261682243,0.0,1259.2188538799617,36,top1_match_all_repeats,True,1,3.0,92.857582,100.4056106,3240.103964
874.4054818448777,2.763699364848435,4096,44.08601773938256,0.9922480620155039,0.0,10.568191756125048,4684.325619,161.57231947938268,Qwen2.5,42,1718,23.90276799999999,115.762957,qwen25_3b_fp16,3.4156464134565536,gpu_gpu,iGPU → iGPU,FP16,117.48630174000012,0.8978328173374613,0.0,1249.627824156777,36,top1_match_all_repeats,True,2,3.0,91.860189,100.3072394,3264.972115
200.98569672364553,8.387475336901844,4096,32.223327385055555,0.0,0.9877964878776199,8.14839636520181,20379.559674,561.0479995430668,Qwen2.5,42,4710,290.36244899999997,392.869529,qwen25_3b_fp16,0.7851003778267404,gpu_npu,iGPU → NPU,FP16,528.8246721580113,0.9989071038251366,0.0006283070449841021,220.08007756998083,220,top1_mismatch,False,0,3.0,102.50708,108.01841569999999,18538.706661
202.85502676409223,8.387475336901844,4096,31.95470546278752,0.0,0.989899777747271,9.1396876314944,20191.759925,563.150989471775,Qwen2.5,42,1718,100.81320700000002,203.13826300000002,qwen25_3b_fp16,0.7924024482972353,gpu_npu,iGPU → NPU,FP16,531.1962840089875,0.9989077007099946,0.0006377163916591186,219.93938106248552,220,top1_mismatch,False,1,3.0,102.325056,104.5934553,18550.56598
202.28190978809923,8.387475336901844,4096,30.26677743766279,0.0,0.99108320778519,9.117084489125128,20248.968404000003,566.8682224964397,Qwen2.5,42,1718,103.5047355,205.7984,qwen25_3b_fp16,0.7901637101097626,gpu_npu,iGPU → NPU,FP16,536.6014450587769,0.9989136338946225,0.0004903861734132357,219.31114628148657,220,top1_mismatch,False,2,3.0,102.29366449999999,105.2186293,18603.705599
894.2377262438449,3.5447567850351334,4096,43.85754777526944,0.9923076923076923,0.0,10.384095135058907,4580.437483,156.9081653588825,Qwen2.5,42,1718,36.29455049999999,129.176839,qwen25_3b_fp16,3.493116118140019,openvino_auto,OpenVINO AUTO (actual iGPU),FP16,113.05061758361306,0.9129032258064517,0.0,1301.0533199167141,36,baseline,True,0,3.0,92.88228849999999,100.38342,3135.920671
879.0186126480612,3.5447567850351334,4096,43.98516022259083,0.9923076923076923,0.0,10.527165091603338,4659.742059,158.08098228301205,Qwen2.5,42,1718,22.689726500000006,115.423095,qwen25_3b_fp16,3.433666455656489,openvino_auto,OpenVINO AUTO (actual iGPU),FP16,114.09582206042123,0.896875,0.0,1261.2613076033124,36,baseline,True,1,3.0,92.7333685,97.10337725,3234.857024
879.8221656698196,3.5447567850351334,4096,46.48223103870918,0.9922480620155039,0.0,10.586823056760185,4655.486255999999,164.7546819785683,Qwen2.5,42,1718,23.738090000000003,115.199766,qwen25_3b_fp16,3.4368053346477327,openvino_auto,OpenVINO AUTO (actual iGPU),FP16,118.27245093985911,0.897196261682243,0.0,1259.7917110035642,36,baseline,True,2,3.0,91.461676,101.17716695,3238.630612
906.0694069260272,2.785680193454027,8192,47.00718435008983,0.9928057553956835,0.0,9.686000326255487,9041.249972,314.689191636203,Qwen2.5,42,78,40.392893,139.978571,qwen25_3b_fp16,1.769666810402397,gpu_gpu,iGPU → iGPU,FP16,267.6820072861132,0.9284750337381916,0.0,1091.206623799312,198,top1_match_all_repeats,True,0,3.0,99.585678,107.27231370000001,7492.62314
884.7993665700598,2.785680193454027,8192,45.63622156134221,0.9927536231884058,0.0,9.855231543392565,9258.59614,323.90516705512033,Qwen2.5,42,78,32.16617049999999,129.88422799999998,qwen25_3b_fp16,1.728123762832148,gpu_gpu,iGPU → iGPU,FP16,278.2689454937781,0.9137254901960784,0.0,1056.8001809501457,198,top1_match_all_repeats,True,1,3.0,97.7180575,107.81119354999998,7736.561885
885.4299468098451,2.785680193454027,8192,48.01422611902807,0.9928571428571429,0.0,9.70446882113418,9252.002408,318.80381272461636,Qwen2.5,42,78,31.965154999999996,131.406359,qwen25_3b_fp16,1.7293553648629787,gpu_gpu,iGPU → iGPU,FP16,270.7895866055883,0.9145860709592641,0.0,1060.9469989685113,198,top1_match_all_repeats,True,2,3.0,99.441204,107.64871504999999,7706.322755
201.68080337897354,11.432788781821728,8192,35.78890040877553,0.0,0.9833692368395762,7.45678042608262,40618.640261,1150.1655167987642,Qwen2.5,220,1825,361.84099299999997,470.070338,qwen25_3b_fp16,0.3939078190995577,gpu_npu,iGPU → NPU,FP16,1114.3766163899886,0.9992128050380478,0.00030072229110927954,211.77480207661233,220,top1_mismatch,False,0,3.0,108.22934500000001,117.97439245,38607.048241000004
202.42162281169493,11.432788781821728,8192,32.220472920920905,0.0,0.9901776338334417,8.390060790330883,40469.984808,1143.9706310664053,Qwen2.5,220,1825,155.709177,264.057669,qwen25_3b_fp16,0.39535473205409166,gpu_npu,iGPU → NPU,FP16,1111.7501581454844,0.998949027850762,0.00023163135504446208,211.36361147807168,220,top1_mismatch,False,1,3.0,108.348492,111.32695169999998,38682.155092
202.63197570541928,11.432788781821728,8192,30.505580056345977,0.0,0.9891091789615096,8.362041149715992,40427.972789,1145.08109750841,Qwen2.5,220,1825,160.46092999999996,268.87752,qwen25_3b_fp16,0.39576557754964703,gpu_npu,iGPU → NPU,FP16,1114.575517452064,0.9992128050380478,0.00023065084773380868,211.62622949967678,0,top1_mismatch,False,2,3.0,108.41659000000001,111.1662418,38634.152389
902.7265326609174,3.51444427203387,8192,46.09801645803966,0.9928057553956835,0.0,9.73978923886958,9074.730501,310.8771125354391,Qwen2.5,42,78,41.047672000000006,139.910799,qwen25_3b_fp16,1.7631377591033544,openvino_auto,OpenVINO AUTO (actual iGPU),FP16,264.77909607739946,0.9288590604026845,0.0,1085.1191989132783,198,baseline,True,0,3.0,98.86312699999999,106.38641039999999,7534.656108
885.0421136507651,3.51444427203387,8192,44.88142834172028,0.9927536231884058,0.0,9.861322321369133,9256.056716,319.9379874956227,Qwen2.5,42,78,34.0448985,132.054899,qwen25_3b_fp16,1.7285978782241507,openvino_auto,OpenVINO AUTO (actual iGPU),FP16,275.0565591539024,0.912303664921466,0.0,1057.0186944027648,198,baseline,True,1,3.0,98.0100005,106.1401223,7734.962535000001
884.2220321640885,3.51444427203387,8192,46.48482551532456,0.9928571428571429,0.0,9.705495964586772,9264.641348,321.0657614222492,Qwen2.5,42,78,33.072184500000006,131.941318,qwen25_3b_fp16,1.7269961565704854,openvino_auto,OpenVINO AUTO (actual iGPU),FP16,274.5809359069246,0.9136125654450262,0.0,1059.1873700275985,198,baseline,True,2,3.0,98.8691335,107.23170945000001,7719.125276
262.3660990401052,10.92683682218194,1024,84.68513430072436,1.0,0.0,5.34787218891652,3902.943268,129.8226451709811,Qwen2.5,42,78,16.331582499999996,202.271215,qwen25_7b_fp16,4.099470297501644,gpu_gpu,iGPU → iGPU,FP16,45.137510870256754,0.9357798165137615,0.0,917.9580468748337,290,top1_match_all_repeats,True,0,7.0,185.93963250000002,186.1239023,1098.089399
260.752459994474,10.92683682218194,1024,87.30344707961846,1.0,0.0,5.348148215410686,3927.09622,135.94626725665168,Qwen2.5,42,78,7.846010000000014,194.16909600000002,qwen25_7b_fp16,4.074257187413656,gpu_gpu,iGPU → iGPU,FP16,48.642820177033215,0.9279279279279279,0.0,898.0858630919743,290,top1_match_all_repeats,True,1,7.0,186.323086,187.25145110000003,1122.3871139999999
259.8030271736732,10.92683682218194,1024,86.79918936284363,0.9961538461538462,0.0,5.332785433951368,3941.447531,132.8522017517532,Qwen2.5,42,78,7.608663500000001,194.39052800000002,qwen25_7b_fp16,4.059422299588643,gpu_gpu,iGPU → iGPU,FP16,46.053012388909565,0.9285714285714286,0.0,893.0955975463864,290,top1_match_all_repeats,True,2,7.0,186.7818645,188.26474005,1128.65857
95.30852392037775,9.113449837081134,1024,58.10153091612274,0.0,0.9905025323446963,4.340279358915426,10744.054759,265.8401671295015,Qwen2.5,42,78,350.250513,557.064204,qwen25_7b_fp16,1.4891956862559024,gpu_npu,iGPU → NPU,FP16,207.73863621337873,0.9986033519553073,0.002652421983620379,138.30848685993183,290,top1_match_all_repeats,True,0,7.0,206.81369100000003,209.1745115,7288.056018
98.55329607193744,9.113449837081134,1024,57.93827275034857,0.0,0.9919820019433664,4.7837933363467595,10390.317126,269.3369926533101,Qwen2.5,42,78,38.373330499999994,244.631282,qwen25_7b_fp16,1.5398952511240225,gpu_npu,iGPU → NPU,FP16,211.39871990296155,0.9972144846796658,0.00233764724663949,138.9438306865149,290,top1_match_all_repeats,True,1,7.0,206.25795150000002,208.01400879999997,7254.730167
98.61290749192062,9.113449837081134,1024,54.00420247515379,0.0,0.9931890709795,4.785200466747688,10384.036188,266.4635906161848,Qwen2.5,42,78,41.660278,247.628512,qwen25_7b_fp16,1.5408266795612597,gpu_npu,iGPU → NPU,FP16,212.45938814103098,0.99860529986053,0.002297992386615901,139.04654095136732,290,top1_match_all_repeats,True,2,7.0,205.968234,207.05076935,7249.371276
8.674305392357397,475.13566965516657,1024,2898.408134515441,0.9819531910893881,0.002501914574773859,0.1293517003838133,118049.798074,2952.3292387587444,Qwen2.5,0,15,375.76810600000067,8079.133795000001,qwen25_7b_fp16,0.13553602175558432,npu_gpu_combined,NPU + iGPU subgraphs,FP16,53.921104243303475,0.13043478260869565,0.8622938411940326,483.01657559932204,290,top1_mismatch,False,0,7.0,7703.365689,7740.94827255,2086.884904
8.702532971796606,475.13566965516657,1024,3004.1533000132113,0.981457078313253,0.002482542113025853,0.12980586119120155,117666.89115899999,3060.41122113619,Qwen2.5,0,0,4.4758590000002485,7708.8641259999995,qwen25_7b_fp16,0.13597707768432196,npu_gpu_combined,NPU + iGPU subgraphs,FP16,56.2579211229784,0.1291866028708134,0.8627189867840843,477.7918032740029,290,top1_mismatch,False,1,7.0,7704.388266999999,7729.5312370500005,2109.70551
8.603820725349753,475.13566965516657,1024,3007.382107892264,0.9822688451541032,0.0024799594724520917,0.1283144284148036,119016.891761,3061.6820595055137,Qwen2.5,0,0,7.636519500000105,7717.5049690000005,qwen25_7b_fp16,0.13443469883358988,npu_gpu_combined,NPU + iGPU subgraphs,FP16,54.29995161324992,0.12980769230769232,0.8593477215078276,476.2457848669109,290,top1_mismatch,False,2,7.0,7709.8684495,8335.74722145,2116.554166
261.9473608019604,18.58357109222561,1024,85.55802231975309,1.0,0.0,5.3361626834722005,3909.1823520000003,132.45024589994648,Qwen2.5,42,78,17.914383000000004,204.032352,qwen25_7b_fp16,4.092927512530631,openvino_auto,OpenVINO AUTO (actual iGPU),FP16,46.892223580193395,0.9357798165137615,0.0,917.8876628268174,290,baseline,True,0,7.0,186.117969,186.7896282,1098.173601
259.3515460192473,18.58357109222561,1024,85.03141204108724,1.0,0.0,5.3618570554846094,3948.308833,132.26659964258357,Qwen2.5,42,78,9.275330999999998,195.169189,qwen25_7b_fp16,4.052367906550739,openvino_auto,OpenVINO AUTO (actual iGPU),FP16,47.23518760149632,0.9122807017543859,0.0,875.934770670514,290,baseline,True,1,7.0,185.893858,186.3148617,1150.770621
261.3961516494277,18.58357109222561,1024,87.19338800708081,0.9961089494163424,0.0,5.382832361145902,3917.425691,133.9126204682395,Qwen2.5,42,78,8.476140500000007,193.484126,qwen25_7b_fp16,4.0843148695223075,openvino_auto,OpenVINO AUTO (actual iGPU),FP16,46.7192324611587,0.9285714285714286,0.0,891.4132564637025,290,baseline,True,2,7.0,185.0079855,186.48864155,1130.788658
405.4189271720613,9.288249555043876,2048,86.48324022823554,0.99609375,0.0,5.386155441135341,5051.564845,184.35023200238007,Qwen2.5,42,220,19.185620000000014,203.27832,qwen25_7b_fp16,3.1673353685317287,gpu_gpu,iGPU → iGPU,FP16,97.86699177414451,0.9377777777777778,0.0,896.4783368403306,220,top1_match_all_repeats,True,0,7.0,184.0927,185.77264455,2266.647075
395.4165408286831,9.288249555043876,2048,89.43702445788347,0.9961240310077519,0.0,5.346936994274535,5179.3483289999995,188.21767808498163,Qwen2.5,42,220,13.26480100000002,199.299217,qwen25_7b_fp16,3.0891917252240866,gpu_gpu,iGPU → iGPU,FP16,98.78065362709816,0.9234042553191489,0.0,855.937942878251,220,top1_match_all_repeats,True,1,7.0,186.034416,186.86304305000002,2374.003883
399.4671220941392,9.288249555043876,2048,86.60482368795958,0.9961240310077519,0.0,5.359118528725976,5126.829936,187.82896060698423,Qwen2.5,42,220,10.113841000000011,195.772669,qwen25_7b_fp16,3.1208368913604625,gpu_gpu,iGPU → iGPU,FP16,101.22413691902466,0.9264069264069265,0.0,872.9039131132442,220,top1_match_all_repeats,True,2,7.0,185.658828,187.4788681,2327.862173
109.74698876480163,8.87854654993862,2048,63.97277490689052,0.0,0.9943789246543691,4.308458346813925,18661.104264,516.3968264757608,Qwen2.5,42,82,352.94955649999997,561.03344,qwen25_7b_fp16,0.8573983497250127,gpu_npu,iGPU → NPU,FP16,452.42405156887025,0.9979933110367893,0.0012601138723640493,133.86404164804205,61262,top1_mismatch,False,0,7.0,208.0838835,210.72838845,15179.580528
111.27063598008455,8.87854654993862,2048,51.958936023845915,0.0,0.9933915384971145,4.679330396542526,18405.574678,511.28208964350364,Qwen2.5,42,82,78.151252,286.601853,qwen25_7b_fp16,0.8693018435944105,gpu_npu,iGPU → NPU,FP16,459.3231536196577,0.9973333333333333,0.0012753957584173263,133.68431760569518,81842,top1_mismatch,False,1,7.0,208.450601,209.06685405,15199.987824999998
111.21578019057145,8.87854654993862,2048,57.89723419021033,0.0,0.9941903998958115,4.678368371722701,18414.652997,517.205008480759,Qwen2.5,271,82,80.7656015,288.936625,qwen25_7b_fp16,0.8688732827388395,gpu_npu,iGPU → NPU,FP16,459.3077742905487,0.9973368841544608,0.0011135288549479466,133.61031197249645,0,top1_mismatch,False,2,7.0,208.1710235,209.62374945000002,15208.406971
405.4546331283506,10.806858167983592,2048,86.99741190259229,1.0,0.0,5.39349008766773,5051.119984,185.10053619469977,Qwen2.5,42,220,17.535054500000008,201.74156100000002,qwen25_7b_fp16,3.1676143213152392,openvino_auto,OpenVINO AUTO (actual iGPU),FP16,98.10312429210748,0.9422222222222222,0.0,895.1583477055146,220,baseline,True,0,7.0,184.20650650000002,184.4843545,2269.9894440000003
398.8132111011527,10.806858167983592,2048,90.54306794205503,1.0,0.0,5.377329538516507,5135.236103,189.78972309796757,Qwen2.5,42,220,13.366095500000007,198.266534,qwen25_7b_fp16,3.1157282117277556,openvino_auto,OpenVINO AUTO (actual iGPU),FP16,99.24665515591252,0.9310344827586207,0.0,866.2484289655399,220,baseline,True,1,7.0,184.90043849999998,186.01432140000003,2345.7474
397.37276168167176,10.806858167983592,2048,89.36125143744553,0.9961089494163424,0.0,5.357202494286338,5153.850987,191.73450663656214,Qwen2.5,42,220,10.983376999999988,196.269283,qwen25_7b_fp16,3.1044747006380606,openvino_auto,OpenVINO AUTO (actual iGPU),FP16,102.3732551991166,0.9227467811158798,0.0,863.2547699795491,220,baseline,True,2,7.0,185.285906,189.0231269,2353.882157
498.109405927577,5.165887873619795,4096,89.74144941661508,0.9961685823754789,0.0,5.255019366956979,8223.093062,314.7346536207989,Qwen2.5,42,78,24.365791499999983,212.843064,qwen25_7b_fp16,1.9457398669045975,gpu_gpu,iGPU → iGPU,FP16,224.99320420418383,0.9510357815442562,0.0,759.963452791308,49,top1_match_all_repeats,True,0,7.0,188.47727250000003,189.7162846,5368.679224
488.51211749912517,5.165887873619795,4096,88.51693521645075,0.9961977186311787,0.0,5.252636397745488,8384.643601,320.48796452606746,Qwen2.5,42,78,16.53028850000002,205.657362,qwen25_7b_fp16,1.9082504589809577,gpu_gpu,iGPU → iGPU,FP16,231.97102930961674,0.9396709323583181,0.0,737.9359947373357,49,top1_match_all_repeats,True,1,7.0,189.1270735,190.72192264999998,5528.934798
488.3812285040317,5.165887873619795,4096,89.51436478792222,0.9961832061068703,0.0,5.254028638369279,8386.890734,322.0551037138587,Qwen2.5,42,78,20.805042999999994,209.129247,qwen25_7b_fp16,1.9077391738438738,gpu_gpu,iGPU → iGPU,FP16,232.54073892593652,0.9397810218978102,0.0,737.5352939832277,49,top1_match_all_repeats,True,2,7.0,188.324204,191.93740460000004,5531.938652
116.80796638475361,12.078973207622766,4096,65.12932958738968,0.0,0.9951256648995335,4.151343714530478,35066.101455,1012.890215557502,Qwen2.5,42,82,397.9884635000001,612.149342,qwen25_7b_fp16,0.4562811186904438,gpu_npu,iGPU → NPU,FP16,947.7608859701123,0.9977426636568849,0.0006050015196545108,129.71812497716138,0,top1_mismatch,False,0,7.0,214.1608785,215.79169374999998,31452.813557999998
117.62129379398894,12.078973207622766,4096,60.51168755235426,0.0,0.994975627006883,4.495235132572752,34823.62647,1002.6584657978357,Qwen2.5,42,82,124.68929550000001,338.716783,qwen25_7b_fp16,0.4594581788827693,gpu_npu,iGPU → NPU,FP16,942.1467782454814,0.9980707395498393,0.0005319061114048962,129.57827409433824,0,top1_mismatch,False,1,7.0,214.0274875,214.77195360000002,31486.759864
117.50048216936753,12.078973207622766,4096,53.85335510743868,0.0,0.9934883600488492,4.476247218038092,34859.43142,1003.508435915967,Qwen2.5,198,82,131.443986,345.95947,qwen25_7b_fp16,0.4589862584740919,gpu_npu,iGPU → NPU,FP16,949.6550808085283,0.9980713596914176,0.0006225639426757202,129.4892376690935,0,top1_mismatch,False,2,7.0,214.51548400000001,215.484725,31508.410069
495.83036388374614,6.344236670061946,4096,88.9085447282377,0.9961977186311787,0.0,5.226943087414251,8260.889809,314.99274022474987,Qwen2.5,42,78,21.54377900000001,211.245049,qwen25_7b_fp16,1.9368373589208834,openvino_auto,OpenVINO AUTO (actual iGPU),FP16,226.08419549651217,0.9512195121951219,0.0,756.7967553502504,49,baseline,True,0,7.0,189.70126999999997,190.83485255,5391.143621
490.39831931942734,6.344236670061946,4096,90.39138818063529,0.9961832061068703,0.0,5.265535644353759,8352.394041,319.0434133965132,Qwen2.5,42,78,15.836338999999978,204.528514,qwen25_7b_fp16,1.915618434841513,openvino_auto,OpenVINO AUTO (actual iGPU),FP16,228.65202521587787,0.9357798165137615,0.0,741.3220337162451,49,baseline,True,1,7.0,188.69217500000002,189.93227535000003,5503.681011000001
490.41501935900476,6.344236670061946,4096,88.7415623097533,0.9961977186311787,0.0,5.250463004729424,8352.109618,319.49338411414436,Qwen2.5,42,78,15.860385000000004,205.15008,qwen25_7b_fp16,1.9156836693711123,openvino_auto,OpenVINO AUTO (actual iGPU),FP16,230.75182180439108,0.9393382352941176,0.0,742.4636238054565,49,baseline,True,2,7.0,189.289695,190.30641555,5495.218714
500.2052243362155,5.547535102814436,8192,92.47450650637403,0.9963235294117647,0.0,4.952966834959828,16377.277968000002,606.3300549757737,Qwen2.5,42,78,66.8084195,263.741757,qwen25_7b_fp16,0.9769633287816709,gpu_gpu,iGPU → iGPU,FP16,513.8555484693997,0.9587786259541985,0.0,612.4899666880626,8,top1_match_all_repeats,True,0,7.0,196.93333750000002,200.4805697,13348.790094
455.5582859604053,5.547535102814436,8192,90.73110662146432,0.9963369963369964,0.0,4.994483062377571,17982.331246,654.0435670011412,Qwen2.5,42,78,37.42046249999997,234.580089,qwen25_7b_fp16,0.8897622772664167,gpu_gpu,iGPU → iGPU,FP16,563.312460379677,0.8695064232589588,0.0,545.8301947938577,8,top1_match_all_repeats,True,1,7.0,197.15962650000003,200.97298634999999,14979.017427
495.6334444277145,5.547535102814436,8192,90.01509427550441,0.9963235294117647,0.0,5.00980860741616,16528.343864,616.5810162520157,Qwen2.5,42,78,38.78060449999998,235.474582,qwen25_7b_fp16,0.9680340711478799,gpu_gpu,iGPU → iGPU,FP16,526.5659219765113,0.9514200298953662,0.0,604.0984634963498,8,top1_match_all_repeats,True,2,7.0,196.69397750000002,198.88595655000003,13534.217505999999
120.8069033498919,15.612135223113,8192,68.02024839228298,0.0,0.9943431117847064,3.914922688470836,67810.694363,1959.5713861423321,Qwen2.5,15,644,459.60501500000004,684.096817,qwen25_7b_fp16,0.2359509831052576,gpu_npu,iGPU → NPU,FP16,1891.551137750049,0.99857120177806,0.00030427075788075917,127.791530098787,0,top1_mismatch,False,0,7.0,224.49180199999998,226.46343520000002,63979.201076000005
121.45364990229947,15.612135223113,8192,65.6009585900533,0.0,0.9954369680178832,4.221727922177888,67449.59914,1990.16776658358,Qwen2.5,15,644,189.06075549999997,413.144058,qwen25_7b_fp16,0.23721415996542866,gpu_npu,iGPU → NPU,FP16,1924.5668079935267,0.9982520260607024,0.00029665137671383655,127.95682701199303,0,top1_mismatch,False,1,7.0,224.0833025,225.22429145,63896.551602
124.07596404600552,15.612135223113,8192,62.69232563973318,0.0,0.9947825514411042,4.216178673446935,66024.068908,1862.1830892485877,Qwen2.5,0,0,191.29923050000002,415.56996000000004,qwen25_7b_fp16,0.24233586727735454,gpu_npu,iGPU → NPU,FP16,1799.4907636088546,0.9980456026058632,0.00027273886476864256,130.8864799171463,0,top1_mismatch,False,2,7.0,224.2707295,225.40313005000002,62466.344921
501.9200270543129,6.129528114572167,8192,94.53250241691421,0.9963235294117647,0.0,5.0185961621677,16321.325228,622.4257001464254,Qwen2.5,42,78,41.48733100000002,237.813316,qwen25_7b_fp16,0.9803125528404549,openvino_auto,OpenVINO AUTO (actual iGPU),FP16,527.8931977295111,0.9604863221884499,0.0,613.2410144329137,8,baseline,True,0,7.0,196.32598499999997,197.32361790000002,13332.441581
495.84586745196697,6.129528114572167,8192,94.69198179664579,0.9963369963369964,0.0,5.011159632009462,16521.263033,612.88383810043,Qwen2.5,42,78,36.44838249999999,233.245195,qwen25_7b_fp16,0.968448959867123,openvino_auto,OpenVINO AUTO (actual iGPU),FP16,518.1918563037842,0.9506357516828721,0.0,604.3786150972744,8,baseline,True,1,7.0,196.7968125,199.01717010000002,13527.943901
495.4674700554924,6.129528114572167,8192,89.77160003009793,0.9963235294117647,0.0,5.0314153237436505,16533.880618,622.6524526882756,Qwen2.5,42,78,34.78480849999998,230.984491,qwen25_7b_fp16,0.9677099024521336,openvino_auto,OpenVINO AUTO (actual iGPU),FP16,532.8808526581777,0.9507462686567164,0.0,603.2785360492352,8,baseline,True,2,7.0,196.1996825,197.8425613,13552.612121
