all_tokens_per_s_e2e,all_tokens_per_s_e2e_q25,all_tokens_per_s_e2e_q75,compile_s,context_length,decode_energy_net_psys_j,decode_energy_net_psys_j_q25,decode_energy_net_psys_j_q75,decode_gpu_active_fraction,decode_gpu_active_fraction_q25,decode_gpu_active_fraction_q75,decode_npu_utilization,decode_npu_utilization_q25,decode_npu_utilization_q75,decode_tokens_per_s,decode_tokens_per_s_q25,decode_tokens_per_s_q75,end_to_end_ms,end_to_end_ms_q25,end_to_end_ms_q75,energy_net_psys_j,energy_net_psys_j_q25,energy_net_psys_j_q75,family,final_top1,final_top1_q25,final_top1_q75,first_decode_top1,first_decode_top1_q25,first_decode_top1_q75,handoff_estimate_ms,handoff_estimate_ms_q25,handoff_estimate_ms_q75,handoff_plus_first_decode_ms,handoff_plus_first_decode_ms_q25,handoff_plus_first_decode_ms_q75,model,output_tokens_per_s_e2e,output_tokens_per_s_e2e_q25,output_tokens_per_s_e2e_q75,placement,placement_label,precision,prefill_energy_net_psys_j,prefill_energy_net_psys_j_q25,prefill_energy_net_psys_j_q75,prefill_gpu_active_fraction,prefill_gpu_active_fraction_q25,prefill_gpu_active_fraction_q75,prefill_npu_utilization,prefill_npu_utilization_q25,prefill_npu_utilization_q75,prefill_tokens_per_s,prefill_tokens_per_s_q25,prefill_tokens_per_s_q75,prefill_top1,prefill_top1_q25,prefill_top1_q75,qualification_reason,qualified,size_b,steady_tpot_ms,steady_tpot_ms_q25,steady_tpot_ms_q75,steady_tpot_p95_ms,steady_tpot_p95_ms_q25,steady_tpot_p95_ms_q75,ttft_ms,ttft_ms_q25,ttft_ms_q75
1117.1855798031909,1114.0732308315107,1144.2009980973457,1.1579051027074456,1024,19.09353604290219,18.921476723457403,19.34067183622711,1.0,1.0,1.0,0.0,0.0,0.0,25.393661298258756,25.317242057478495,25.67713548203487,916.588988,895.4468365,919.1568055,28.611885485606145,28.54256725633332,28.86732569164088,Llama 3.2,42.0,42.0,42.0,546.0,546.0,546.0,12.7774825,12.017102750000001,16.257817749999997,50.954615000000004,50.2046335,53.7457075,llama32_1b_fp16,17.456024684424857,17.407394231742355,17.878140595271027,gpu_gpu,iGPU → iGPU,FP16,9.723831623047879,9.373954739550998,9.876530738910652,0.7272727272727273,0.7272727272727273,0.7636363636363637,0.0,0.0,0.0,3093.0644642042917,3085.7021551973376,3246.32784786788,5809.0,5809.0,5809.0,top1_match_all_repeats,True,1.0,38.1771325,37.48788975,38.18753075,40.4363914,39.8993059,41.703343125,325.890395,311.19831550000004,326.66981050000004
1052.3154418836605,994.2170536018668,1052.9690580341635,3.0791938668116927,1024,12.904239807040147,12.679095236534906,13.61279270980014,0.0,0.0,0.0,0.9800818309403341,0.9792375656561463,0.980316751548929,24.523744588437246,22.524626006064725,24.55418117700176,973.092249,972.4885899999999,1033.485331,23.627874328239827,23.431996339312683,24.554141750686142,Llama 3.2,42.0,42.0,42.0,546.0,546.0,546.0,18.176638500000003,18.070738499999997,79.35304550000001,56.186184,56.084556,117.25342900000001,llama32_1b_fp16,16.442428779432195,15.53464146252917,16.452641531783804,gpu_npu,iGPU → NPU,FP16,10.782167684355873,10.752901102777775,10.970615622464102,0.9722222222222222,0.9722222222222222,0.9722222222222222,0.022559751968226304,0.022435452816890113,0.024184731146193753,2786.4753927491456,2781.359988912962,2787.659451585029,5809.0,5809.0,5809.0,top1_match_all_repeats,True,1.0,38.0095455,37.900383500000004,38.0138175,46.445875050000005,46.134178075,46.531075175,361.747318,361.59373100000005,362.41386
190.27354391373697,181.98632581469658,191.2552973505538,14.522015229798853,1024,113.02541073821229,111.81384552714623,115.88857558408418,0.9978021978021978,0.997777503395481,0.9989010989010989,0.029884539373416927,0.029741343766874123,0.030191243715864628,3.0181301006750814,2.874796099998286,3.0358940824260485,5381.725588,5354.241148499999,5638.488759,120.43872194174978,118.91143802372906,122.83111593669486,Llama 3.2,3765.0,2283.5,6352.5,802.0,446.0,4871.0,46.12672950000002,40.091700500000016,361.69630025000004,371.028312,364.872469,683.8172795,llama32_1b_fp16,2.97302412365214,2.843536340854634,2.988364021102403,npu_gpu_combined,NPU + iGPU subgraphs,FP16,6.7818737896281585,6.62682164565603,7.097592496582825,0.0975609756097561,0.0975609756097561,0.09878048780487805,0.8532281554032323,0.8464284669287749,0.8568738286720319,2448.0225791614002,2439.595736287686,2472.5016473670476,5809.0,5809.0,5809.0,top1_mismatch,False,1.0,324.65995449999997,322.00016525,324.7807685,332.3457439,331.72306675,337.86295852499995,411.760908,407.7242235,413.188141
1124.9655155224127,1122.8160514462168,1143.2444159908675,4.770954256877303,1024,19.015142796041655,18.809773954129412,19.206193847998243,0.9811320754716981,0.9811320754716981,0.9813067784765899,0.0,0.0,0.0,25.46414952552676,25.36825249139163,25.49288982916576,910.2501239999998,895.9255114999999,911.9960045,28.60942885214928,28.408044515420862,28.801348017392776,Llama 3.2,42.0,42.0,42.0,546.0,546.0,546.0,10.166610499999999,10.16550225,13.871585749999998,48.279068,48.2489135,51.634328,llama32_1b_fp16,17.5775861800377,17.544000803847137,17.863193999857305,openvino_auto,OpenVINO AUTO (actual iGPU),FP16,9.602255066475285,9.407219509334864,9.790189726534951,0.78125,0.78125,0.8044181034482758,0.0,0.0,0.0,3147.9540954465865,3143.158009828305,3289.0552739895274,5809.0,5809.0,5809.0,baseline,True,1.0,38.0521485,37.73258775,38.08341125,41.2908715,41.05642765,41.8940793,320.207973,307.03606,320.697319
1602.153789107206,1597.1643671835286,1617.1145189628223,1.1849790308624506,2048,18.42189832826378,18.275119704201217,18.813685508001164,1.0,0.990909090909091,1.0,0.0,0.0,0.0,24.565094490356536,24.533837957858978,25.002701786304478,1278.279285,1266.5616934999998,1282.2850475,38.90379185876414,38.744730177947844,38.95703506467657,Llama 3.2,42.0,42.0,42.0,3862.0,3862.0,3862.0,12.980355500000005,12.514868500000002,16.265248000000003,52.48689,51.409315,55.5279295,llama32_1b_fp16,12.516826477400047,12.477846618621317,12.63370717939705,gpu_gpu,iGPU → iGPU,FP16,20.457327416992882,20.131066499921666,20.46961047374662,0.7910447761194029,0.777875329236172,0.8095848880597014,0.0,0.0,0.0,3007.3928910139794,2979.017189348549,3084.6165916339287,8.0,8.0,8.0,top1_match_all_repeats,True,1.0,39.0188285,38.6505935,39.2626815,42.16395955,40.912344225,42.25459372500001,675.668286,659.165996,682.1660465
1290.838768948975,1256.2444644803147,1299.6224448891749,3.8732490157708526,2048,14.992821052866267,14.541626582403119,15.747283847447807,0.0,0.0,0.0,0.9792189724361298,0.9783836433898866,0.9805555954671876,21.91725837821502,20.643837588493696,22.196739571751657,1586.565301,1575.9142689999999,1631.4931575,43.31773556678963,42.70902585326897,43.77945717308406,Llama 3.2,62.0,52.0,68.5,83.0,72.5,226.5,62.070555999999996,52.05048024999999,106.64879775,101.914796,92.0409715,146.5220215,llama32_1b_fp16,10.084677882413867,9.814409878752459,10.153300350696679,gpu_npu,iGPU → NPU,FP16,28.009884027808333,27.87465808257874,28.167399270865847,0.9888888888888889,0.9888264669163546,0.9888888888888889,0.010361647524657163,0.009624569012971432,0.010571911628929277,2252.6610209608502,2252.5001601436343,2257.8706545037676,90.0,90.0,90.0,top1_mismatch,False,1.0,39.902207499999996,39.87322375,40.019475,48.466140249999995,48.388712375,48.52360892499999,902.044285,899.96777,902.1087084999999
1617.1253345520813,1612.4222710484296,1625.374572605017,3.2246395656839013,2048,19.540243040920743,19.160742198540657,19.882879198082538,1.0,0.9910714285714286,1.0,0.0,0.0,0.0,25.110921889340272,24.663340895815324,25.179691792365357,1266.4448180000002,1260.0497075000003,1270.149551,40.58684960059669,40.45688548798479,41.20476929989442,Llama 3.2,42.0,42.0,42.0,3862.0,3862.0,3862.0,12.310220000000003,12.29660675,17.0485105,50.922438,50.7810055,55.9347335,llama32_1b_fp16,12.633791676188135,12.597048992565856,12.698238848476695,openvino_auto,OpenVINO AUTO (actual iGPU),FP16,21.80560824443612,20.953507132282336,22.04402710135377,0.7910447761194029,0.7910447761194029,0.8082208007581142,0.0,0.0,0.0,3022.238957969607,3012.9569016839673,3113.078960503806,8.0,8.0,8.0,baseline,True,1.0,38.6394445,38.48439875,38.89983625000001,41.38146835,41.082289200000005,41.8045908,672.3492180000001,653.2862500000001,674.4269340000001
1751.1104518795883,1749.6682878402585,1771.2671377257325,1.166511282324791,4096,20.1610555627554,19.914657671449696,20.52498099053282,0.9827586206896551,0.9826073805202662,0.9913793103448276,0.0,0.0,0.0,23.812829937474554,23.522170856323314,23.832966702447706,2339.0871750000006,2312.7683080000006,2341.0167580000007,72.45499675437996,72.0342799550997,72.83194131203624,Llama 3.2,42.0,42.0,42.0,3862.0,3862.0,3862.0,20.376389500000002,20.100480250000004,23.221544,60.345018,60.0690785,63.59227800000001,llama32_1b_fp16,6.840275202654642,6.83464174937601,6.9190122567411425,gpu_gpu,iGPU → iGPU,FP16,51.94530337567546,51.755696855872586,52.496566841306276,0.8352941176470589,0.834806822137139,0.8470949115842656,0.0,0.0,0.0,2387.117089941522,2383.689314159418,2436.8736578563226,72.0,72.0,72.0,top1_match_all_repeats,True,1.0,39.9686285,39.96859825,40.370734,43.72544909999999,43.60656337499999,43.8626747,1709.174643,1674.974679,1711.6359975
1458.0934344386096,1438.5509276741732,1458.6340561795007,4.908063311129808,4096,15.486039834949413,15.004379713415492,16.05806937055155,0.0,0.0,0.0,0.9782688564051516,0.9779652779623964,0.9809365458221107,19.82939927041136,18.858617239906152,19.836092125024287,2809.1478249999996,2808.1070405,2847.8352559999994,80.49619676760318,79.46282440547519,80.7815847164448,Llama 3.2,83.0,49.5,4017.5,285.0,150.5,4118.5,87.09321399999999,86.42556124999999,131.4625865,129.952624,129.4221865,174.267168,llama32_1b_fp16,5.695677478275819,5.619339561227239,5.697789281951175,gpu_npu,iGPU → NPU,FP16,64.43687375913271,64.17180310529918,64.72351534589325,0.9901477832512315,0.9901477832512315,0.9901477832512315,0.0037964719670027475,0.0037808623063795973,0.004302331003184381,1989.1532817151763,1988.3919639277287,1990.6879113264285,36802.0,18446.0,36802.0,top1_mismatch,False,1.0,42.859410000000004,42.8045815,42.99662525000001,51.68753355,51.0191984,52.195349074999996,2051.123982,2049.54398,2051.9096195
1753.5006315521923,1746.896288732567,1777.7545518686295,1.496285448782146,4096,20.150184163706534,19.51965339737106,20.61706409612603,1.0,0.9912280701754386,1.0,0.0,0.0,0.0,23.802358204040285,23.528998067892715,23.906507835252988,2335.8987879999995,2304.4590339999995,2344.7634364999994,72.66484965943805,70.28267134196332,73.78976269620618,Llama 3.2,42.0,42.0,42.0,3862.0,3862.0,3862.0,21.885813000000002,20.98149075,23.6459015,61.732753,60.7814695,64.007945,llama32_1b_fp16,6.849611842000751,6.82381362786159,6.944353718236834,openvino_auto,OpenVINO AUTO (actual iGPU),FP16,52.51466549573151,50.763017944592264,53.17269860008015,0.8402366863905325,0.8382469981660265,0.8486897717666948,0.0,0.0,0.0,2384.324882993946,2375.842675861203,2445.222612528704,72.0,72.0,72.0,baseline,True,1.0,39.84694,39.799978749999994,40.3620435,43.18287125,43.127451750000006,43.33648785,1711.176203,1669.5953005000001,1717.3073144999998
1580.8902175759986,1579.6021242260454,1608.5107405339356,1.156899374909699,8192,22.303028972212015,22.20002000562102,22.638878612652892,0.9841269841269841,0.9839989759344598,0.9841269841269841,0.0,0.0,0.0,21.236507844865102,21.16574016738894,21.35928958761327,5181.8904999999995,5094.4118675,5186.119543499999,156.69767674481108,154.8833029194545,158.35906682980513,Llama 3.2,42.0,42.0,42.0,546.0,546.0,546.0,31.548724,30.892946499999997,31.996416,75.730897,74.952999,76.4329355,llama32_1b_fp16,3.087676206203122,3.085160398878995,3.141622540105343,gpu_gpu,iGPU → iGPU,FP16,134.60066570578104,132.68328291383347,135.82319718374322,0.8741573033707866,0.8737302353958005,0.8840126139495442,0.0,0.0,0.0,1826.810630307582,1823.4490303814532,1865.0184560200641,198.0,198.0,198.0,top1_match_all_repeats,True,1.0,44.182173000000006,44.0600525,44.4365195,47.9535477,47.95155835,48.401415575,4475.55968,4385.711507,4483.825789
1335.5482612176588,1327.1113575170384,1342.901957083869,7.078193558380008,8192,16.775303210943793,16.431967789283313,17.449539987436722,0.0,0.0,0.0,0.9786963064543527,0.9782735717376876,0.9801724614860621,17.47525852897468,16.615206570666846,17.61367785897404,6133.810539,6100.404882,6173.054773,178.46026643441846,178.02070376465514,179.3239930919235,Llama 3.2,7952.0,4729.0,7952.0,7952.0,4729.0,7952.0,123.2905085,118.39768099999999,171.14617725,170.791411,165.754505,218.636613,llama32_1b_fp16,2.60849269769074,2.5920143701504657,2.622855384929432,gpu_npu,iGPU → NPU,FP16,161.68496322347465,161.58873597537183,161.87445310448678,0.9941972920696325,0.993259874441726,0.9942084726244116,0.0018254352604087723,0.0016252759592865634,0.0018361564014787912,1554.3047645783913,1552.0619715468342,1559.9899123316413,70047.0,53424.5,99028.0,top1_mismatch,False,1.0,47.479969,47.34635725,47.490435749999996,55.732401749999994,55.72881162499999,55.911893,5260.229645,5241.129141,5267.841892
1578.5734241658304,1574.4135152753634,1606.134121458406,1.4913084590807557,8192,22.095071579145852,21.94824406617536,22.219570003215797,0.9841269841269841,0.9839989759344598,0.9842509920634921,0.0,0.0,0.0,21.04278621303582,21.04139130117401,21.165980903534358,5189.495702,5101.948065500001,5203.243691,159.13847064215634,154.87764191270213,159.31740840489323,Llama 3.2,42.0,42.0,42.0,546.0,546.0,546.0,34.614231,32.83564749999999,34.88421125,79.30196000000001,77.434567,79.3039825,llama32_1b_fp16,3.0831512190738875,3.075026397022194,3.1369807059734494,openvino_auto,OpenVINO AUTO (actual iGPU),FP16,137.15227774034435,132.8370096722232,137.2446659146479,0.8738738738738738,0.8707934391790894,0.8839957604663486,0.0,0.0,0.0,1823.0010919172291,1819.1062981471832,1861.872762096551,198.0,198.0,198.0,baseline,True,1.0,44.510110000000005,44.328939250000005,44.600942,48.0945765,47.529727525,48.568018325,4484.912289000001,4393.1924195,4494.535304500001
531.7407937505551,529.8852642496237,533.9052060429087,2.5536438301205635,1024,42.654333893187946,42.20031363656608,42.93508226189177,0.9917355371900827,0.9917355371900827,0.9917694079393036,0.0,0.0,0.0,11.351113110507946,11.304144194500878,11.367143440480916,1925.750313,1917.974984,1932.5175199999999,65.31244432195557,64.86409664222063,65.45618557989684,Llama 3.2,42.0,42.0,42.0,546.0,546.0,546.0,9.935859500000005,8.208245499999995,14.894698999999996,96.843889,95.145674,101.84947550000001,llama32_3b_fp16,8.308449902352423,8.27945725390037,8.342268844420449,gpu_gpu,iGPU → iGPU,FP16,22.669455582541488,22.383034636950725,22.80752426359583,0.8688524590163934,0.8618455843469064,0.8827020915771622,0.0,0.0,0.0,1657.851428200273,1644.6861790917592,1701.3264098583854,198.0,198.0,198.0,top1_match_all_repeats,True,3.0,86.96682750000001,86.93742850000001,86.9841755,89.6742428,89.63911555,89.813657,608.015883,592.866033,612.9221520000001
460.95611433507025,439.32965451594873,461.0669675128072,5.555001899600029,1024,29.578600031178453,29.14876542348803,30.72413949070179,0.0,0.0,0.0,0.990192946151855,0.9893266391147499,0.9905771323367767,10.017047478861741,9.353511405890817,10.019676688383267,2221.469611,2220.935637,2336.4855454999997,54.774656647497316,54.225487550626596,56.12828912392064,Llama 3.2,42.0,42.0,42.0,546.0,546.0,546.0,33.56858300000001,32.89484700000001,146.04969400000004,130.68449700000002,130.07797600000004,243.21430700000002,llama32_3b_fp16,7.202439286485473,6.864525851811699,7.204171367387612,gpu_npu,iGPU → NPU,FP16,25.196056616318863,25.07672212713857,25.404149633218843,0.9861111111111112,0.9861111111111112,0.9861111111111112,0.01618773414035307,0.015920778064441095,0.017884670318883064,1390.7130327687628,1390.169926317934,1392.4958892056834,198.0,198.0,198.0,top1_match_all_repeats,True,3.0,97.213312,97.164613,97.23182800000001,99.6845494,99.54141845,100.207404575,724.808049,723.881241,725.091325
84.37548517011194,83.28855936920951,84.86774108548423,33.750633016228676,1024,260.8237841987509,260.2854655637036,267.06669257749826,0.993993993993994,0.9935756871240742,0.9945954600133274,0.01932966160740896,0.019157042339155786,0.01962202013692537,1.325303811963323,1.3073677317207437,1.333692528878974,12136.226511,12066.239052,12296.699936500001,281.1376536433995,280.8133526357027,287.579730692123,Llama 3.2,90.0,90.0,90.0,90.0,90.0,188.5,31.28212149999998,25.20551999999998,406.140294,783.2068049999999,773.9241294999999,1142.7091735,llama32_3b_fp16,1.3183669557829991,1.3013837401438986,1.326058454460691,npu_gpu_combined,NPU + iGPU subgraphs,FP16,20.712206784600813,20.513038114624706,20.727055741975242,0.06097560975609756,0.055179162902740136,0.061352002408912976,0.8988225142323863,0.8959652507872357,0.9010865671323802,1229.8967474227486,1226.4941386155324,1231.034862807784,198.0,198.0,198.0,top1_mismatch,False,3.0,745.5125355000001,733.3628055000001,748.7186095000001,751.2121039499999,744.990403775,754.2831504999999,819.580995,818.8239765000001,821.861048
529.4360944051087,529.3096183666419,533.258969501233,8.377430791035295,1024,41.803821762641846,41.802166109108875,41.90935654205336,0.9918032786885246,0.9917694079393036,0.9959016393442623,0.0,0.0,0.0,11.391117970778227,11.367315925854179,11.404817594159411,1934.133337,1920.3664405,1934.5955995,65.07177985014967,64.66531364747803,65.12782351823847,Llama 3.2,42.0,42.0,42.0,546.0,546.0,546.0,8.411922000000002,7.418337999999997,9.999559750000005,95.518051,94.4556805,97.0882135,llama32_3b_fp16,8.272438975079824,8.27046278697878,8.332171398456765,openvino_auto,OpenVINO AUTO (actual iGPU),FP16,23.056888528684798,22.75761275895765,23.218466976185113,0.8548387096774194,0.853648863035431,0.8843159065628476,0.0,0.0,0.0,1632.8701980500973,1627.5040244315578,1679.0677474080908,198.0,198.0,198.0,baseline,True,3.0,87.0711785,87.01986725,87.08865375,88.41024125,88.1958306,88.8287722,617.317899,600.7879345,619.3600405
767.1015616375668,766.487582732239,774.7054323048746,2.5578020960092545,2048,42.23533688487256,41.911236215258455,42.7473095752307,0.991869918699187,0.9918027279446349,0.9959349593495934,0.0,0.0,0.0,11.225396339072269,11.211182400383763,11.227255763351272,2669.789898,2643.84014,2671.930192,92.22111851553885,91.60348249114398,92.42676630440494,Llama 3.2,42.0,42.0,42.0,319.0,319.0,319.0,12.505427500000014,12.279843749999998,14.890906500000002,100.18574600000001,99.9964105,102.64697749999999,llama32_3b_fp16,5.99298095029349,5.988184240095618,6.052386189881833,gpu_gpu,iGPU → iGPU,FP16,49.39871092110475,49.38592137439346,49.69224627588552,0.8863636363636364,0.8830314422419685,0.8959377236936292,0.0,0.0,0.0,1523.2649591568136,1521.0799167457399,1556.4741069968932,319.0,319.0,319.0,top1_match_all_repeats,True,3.0,87.75281500000001,87.71656675,87.79231925,90.78791505,90.260761025,90.8908207,1333.976724,1306.1093925,1335.895748
596.5539966338031,582.8631477704155,597.3080420103581,5.996397917158902,2048,30.31768951914695,29.070396985050564,30.79426221582675,0.0,0.0,0.0,0.9917929021423288,0.9912969152181168,0.9923550044222198,9.287245410181095,8.862350122770021,9.290126120477792,3433.050506,3428.722066,3515.6289725,93.45189208030197,91.77408650727436,94.40905451836464,Llama 3.2,735.0,558.5,2464.5,66.0,37.0,274.0,98.87701849999999,98.81644125,180.02767799999998,199.549378,199.4758215,280.659082,llama32_3b_fp16,4.660578098701587,4.553618341956371,4.666469078205923,gpu_npu,iGPU → NPU,FP16,63.13420256115502,62.7036895222238,63.61479230253789,0.9832402234636871,0.9804469273743017,0.9832402234636871,0.00649237780400504,0.00637419333196749,0.007179072209004158,1117.753451453235,1116.9896442144536,1120.116906860721,264.0,177.0,264.0,top1_mismatch,False,3.0,100.5904485,100.5578475,100.69198125,103.2223723,102.89941967499999,103.43679615,1817.932208,1814.1044335,1819.1761765
767.7346817382437,765.7064750250202,773.0664553424683,7.915970413945615,2048,42.68994523297305,42.35591980552118,43.07781157146856,0.991869918699187,0.991869918699187,0.991869918699187,0.0,0.0,0.0,11.122532279262616,11.117465860403973,11.1709771261769,2667.5882289999995,2649.316121,2674.6729145,91.93573957655872,91.38545116312886,92.39359958024812,Llama 3.2,42.0,42.0,42.0,319.0,319.0,319.0,18.484246999999996,15.874771249999997,20.153296,106.37548199999999,103.7817455,108.0307085,llama32_3b_fp16,5.997927201080029,5.98208183613297,6.039581682363034,openvino_auto,OpenVINO AUTO (actual iGPU),FP16,49.38578167397346,48.765499595349716,49.64981343623144,0.8939393939393939,0.8939393939393939,0.9036626103555238,0.0,0.0,0.0,1527.1065669282907,1525.6615902956437,1556.559513627833,319.0,319.0,319.0,baseline,True,3.0,87.891235,87.87741249999999,87.90697424999999,91.53992875,90.745107975,91.70639545,1330.620956,1305.9107414999999,1331.8824015
850.2669186723851,850.0862646026058,859.2263597150766,2.5552231147885323,4096,45.22897564127649,43.97289283020879,45.41088290696568,0.9922480620155039,0.9922480620155039,0.9922778771615981,0.0,0.0,0.0,10.594658249592095,10.580235900469772,10.604553138881375,4817.310788000001,4767.5974525,4818.334745,165.47752763595605,162.6926125645806,166.65769336677786,Llama 3.2,42.0,42.0,42.0,437.0,437.0,437.0,16.117296000000003,15.617228250000004,18.6624205,109.114073,108.62187650000001,111.657108,llama32_3b_fp16,3.3213551510640045,3.3206494711039287,3.356352967637018,gpu_gpu,iGPU → iGPU,FP16,120.24855199467956,118.71971973437182,121.24681045981217,0.9169139465875371,0.9169139465875371,0.9232887775751142,0.0,0.0,0.0,1199.4697750914913,1198.6444245915184,1218.2519911042018,72.0,72.0,72.0,top1_match_all_repeats,True,3.0,92.99677700000001,92.99468750000001,93.00464825,94.43623765000001,94.29474630000001,94.71633805,3401.502968,3349.8570529999997,3403.8467545
693.8541866602355,687.1213749023141,696.1703347427652,8.330430769361556,4096,34.5576334724128,33.50413643035767,34.801574385105845,0.0,0.0,0.0,0.9900055764148162,0.9899270000925212,0.990370521804536,8.384259272919909,8.031931933702264,8.407664452534739,5903.257599,5883.6826765,5961.673516499999,174.67206367467514,173.7229949043412,177.45636339483798,Llama 3.2,4194.0,4194.0,4194.0,4194.0,4194.0,4194.0,168.1576455,163.53084,249.72760275,275.860663,271.2207775,357.4312155,llama32_3b_fp16,2.710367916641545,2.6840678707121643,2.7194153700889268,gpu_npu,iGPU → NPU,FP16,140.32328674570468,139.97491756129045,143.00315819414635,0.9826302729528535,0.9802313926340622,0.9850807225113395,0.003483765487589942,0.0031754291761473897,0.0035261947454191408,998.782350409472,995.2359488477418,1001.0061945923335,7998.0,4131.0,11461.0,top1_mismatch,False,3.0,107.7030175,107.6899375,107.70361274999999,110.319164,109.90195055,110.32930677499999,4084.974067,4075.9189695,4099.5824274999995
851.6631767764982,851.3532288899783,860.439914384267,3.1715340623632073,4096,44.20639309711103,43.946236193393005,44.297510897216846,0.9922480620155039,0.9922177810077519,0.9922778771615981,0.0,0.0,0.0,10.610753560155404,10.602103990033687,10.620030292074617,4809.413054000001,4760.850988,4811.1646305,167.07463327992537,164.34999044391952,167.27525301534766,Llama 3.2,42.0,42.0,42.0,437.0,437.0,437.0,15.408518499999996,15.213259249999993,18.479746999999996,108.20713699999999,108.1456245,111.2364555,llama32_3b_fp16,3.326809284283196,3.3255985503514776,3.361093415563543,openvino_auto,OpenVINO AUTO (actual iGPU),FP16,123.0872440534473,120.25309928212496,123.23789902184885,0.9196428571428571,0.918278401865197,0.926079097283085,0.0,0.0,0.0,1200.6284233949712,1200.445533315828,1219.1861262622201,72.0,72.0,72.0,baseline,True,3.0,92.7986185,92.7567085,92.93236525,94.44744735,94.375707525,94.526557825,3398.220399,3347.270305,3398.738203
826.2335772251334,825.5777255710921,833.5777000357766,2.562057756818831,8192,48.36660344894568,48.242902827074644,48.63683122902165,0.9927536231884058,0.9927536231884058,0.9927796892920446,0.0,0.0,0.0,9.825767383491202,9.823172126265263,9.843393928516315,9914.871806000001,9828.281073999999,9922.754595000002,343.93872694202236,342.82446973193373,345.7816045764536,Llama 3.2,42.0,42.0,42.0,546.0,546.0,546.0,25.2402075,24.69176925,27.2105635,124.933821,124.2429285,126.7821945,llama32_3b_fp16,1.6137374555178388,1.6124564952560392,1.6280814453823762,gpu_gpu,iGPU → iGPU,FP16,295.5721234930767,294.5815669048591,297.14477334743196,0.9326923076923077,0.9320501249652875,0.9386708770933863,0.0,0.0,0.0,974.0602763729432,973.4629081725661,984.699736985742,27.0,27.0,27.0,top1_match_all_repeats,True,3.0,99.4496485,99.42917675,99.571631,101.72606005,101.66135237499999,101.957472725,8393.731064000001,8304.008112,8398.885063000002
668.6445862960204,666.9817697285059,671.0673173684273,11.38440308533609,8192,39.68186239735641,39.48460998513907,40.35242436990532,0.0,0.0,0.0,0.9922946911860423,0.9916641447338614,0.9931105059442789,7.009384025014176,6.765897986717792,7.026298928466762,12251.650828999998,12207.5782325,12282.271101999999,380.35597464425325,378.0573464864864,381.4072916636456,Llama 3.2,4194.0,4194.0,35943.0,4194.0,4194.0,35943.0,286.1944635,279.73318025,366.90938325,409.517516,403.1575575,490.1258475,llama32_3b_fp16,1.3059464576094149,1.3026987690009881,1.3106783542352096,gpu_npu,iGPU → NPU,FP16,340.6741122468968,337.7049221165811,341.9226816785065,0.9858156028368794,0.9838897653462955,0.9873297081121517,0.0011623716427518235,0.0011583906083654691,0.0012976951427271038,814.8461417421682,811.7087162430212,815.68707612353,7998.0,7998.0,7998.0,top1_mismatch,False,3.0,123.3230525,123.21646425,123.42437724999999,124.9987826,124.965729025,125.040431875,10033.796052,10023.4623415,10072.729276499998
824.3703873456008,824.1906820309034,832.6135496488489,3.1997664403170347,8192,48.19886283682559,47.75188497203668,48.66490881294612,0.9928057553956835,0.9927796892920446,0.9928057553956835,0.0,0.0,0.0,9.83424115114686,9.81772116135999,9.859877649159667,9937.280772999999,9839.8627265,9939.4479555,340.2300012043576,337.1103901787325,343.04800940249606,Llama 3.2,42.0,42.0,42.0,546.0,546.0,546.0,25.80042099999999,24.561706499999993,27.807788499999994,124.58743,123.8121775,127.01049900000001,llama32_3b_fp16,1.6100984127843765,1.6097474258416082,1.626198339157908,openvino_auto,OpenVINO AUTO (actual iGPU),FP16,292.03113836753204,289.3585052066958,294.38310058954994,0.9326923076923077,0.9315322282759257,0.9386708770933863,0.0,0.0,0.0,971.9450880806507,971.2386761508785,983.7794163491219,27.0,27.0,27.0,baseline,True,3.0,99.618412,99.20271050000001,99.66617250000002,102.0876229,101.85943602500001,102.35781265,8411.997859,8312.008937999999,8418.1206185
2273.966598655079,2267.4479954758954,2321.5354647711456,0.9332987340167165,1024,8.876303930828678,8.853995312225305,9.265298809533862,1.0,1.0,1.0,0.0,0.0,0.0,61.171514515309156,60.47460600914057,61.57064257445532,450.31444200000004,441.27265050000005,451.612767,14.367050427195585,14.340063049299648,14.397856528065997,Qwen2.5,42.0,42.0,42.0,78.0,78.0,78.0,8.991238500000001,8.33585575,15.54756025,24.224101,23.6317355,30.771002000000003,qwen25_0_5b_fp16,35.53072810398561,35.428874929310865,36.27399163704915,gpu_gpu,iGPU → iGPU,FP16,5.535363733573653,5.0970728583691605,5.543861215840693,0.5714285714285714,0.5714285714285714,0.5912698412698413,0.0,0.0,0.0,4853.1788458658275,4846.6303581174,5206.494508368829,291.0,291.0,291.0,top1_match_all_repeats,True,0.5,15.2328625,15.22344175,15.295879750000001,16.608904,16.084898199999998,17.133307324999997,207.69891900000002,194.50003650000002,207.97992950000003
2522.2051840912736,2237.697201378438,2524.20896118352,2.1501153903082013,1024,7.052140530485788,6.929199813872257,8.186996253304551,0.0,0.0,0.0,0.9509920677726164,0.9441893700127729,0.956155746043376,51.568909467527156,44.18998867804562,51.69837942847889,405.99393200000003,405.6719,465.132347,10.34594752146848,10.303705427227053,11.595985733966383,Qwen2.5,42.0,42.0,42.0,78.0,78.0,78.0,8.573653999999996,7.915124749999997,66.547313,26.591371,25.8556365,84.370452,qwen25_0_5b_fp16,39.40945600142615,34.96401877153809,39.4407650184925,gpu_npu,iGPU → NPU,FP16,3.4552042357268995,3.374505613354796,3.489688103033936,0.9166666666666666,0.9166666666666666,0.9166666666666666,0.048158296657522665,0.04208194569853396,0.04856439283711145,8694.888595877277,8663.08102890855,8725.446649864045,291.0,291.0,291.0,top1_match_all_repeats,True,0.5,17.863306500000004,17.745933750000003,17.940511750000002,23.08701755,23.081691125,23.528854275,115.93018,115.525589,116.3574005
692.6163428473894,596.9760130984803,698.6450311601725,3.8849987629801035,1024,31.872337148665963,31.59729410688962,36.39205173010102,1.0,0.9955357142857143,1.0,0.06524926958491928,0.0601203098360336,0.06531728805420234,11.788574398479327,10.010086623084158,11.941754227552384,1478.451975,1465.803389,1760.497796,34.397719991115494,34.01422186597201,38.96284534240968,Qwen2.5,89372.0,85599.0,89372.0,89372.0,85599.0,93001.0,53.18247600000001,37.557232750000004,337.79733124999996,133.432557,117.757474,417.20120399999996,qwen25_0_5b_fp16,10.82213035699046,9.327750204663754,10.916328611877695,npu_gpu_combined,NPU + iGPU subgraphs,FP16,2.52538284244953,2.416927759082393,2.570793612308657,0.09090909090909091,0.06926406926406926,0.11363636363636363,0.8672364210672581,0.8425971950910625,0.8797665570587339,4733.146603186907,4654.389857271739,4812.777580773545,291.0,291.0,291.0,top1_mismatch,False,0.5,80.1504015,79.354033,80.20024125,86.65143395,86.37783055,86.79513035,212.966148,209.499818,216.63176550000003
2265.9311990972883,2226.213264457576,2273.4341303498823,1.9877989795058966,1024,8.860175899788757,8.8553535775699,9.310867604858919,0.9545454545454546,0.9545454545454546,0.9772727272727273,0.0,0.0,0.0,61.19568611046857,58.62354847139468,61.374690068205865,451.911338,450.4248175,460.1203585,14.24403597163487,14.168335101158892,14.283392053711939,Qwen2.5,42.0,42.0,42.0,78.0,78.0,78.0,11.253072999999999,9.86114075,24.2525195,26.484587,25.1646655,39.466051,qwen25_0_5b_fp16,35.40517498589513,34.78458225714962,35.52240828671691,openvino_auto,OpenVINO AUTO (actual iGPU),FP16,5.3838600718461125,4.857467496299973,5.428038476142039,0.5714285714285714,0.5584415584415584,0.5912698412698413,0.0,0.0,0.0,4840.9949746918255,4678.419750325922,5200.008859724965,291.0,291.0,291.0,baseline,True,0.5,15.231514,15.2135315,15.303524750000001,16.6062088,16.37088025,16.94864915,208.221658,194.7742465,215.71785999999997
2901.3389312250233,2876.586460578,2932.7893243357466,0.9142003450542688,2048,9.592399270316214,9.344538525817736,9.787302878965884,1.0,0.9791666666666667,1.0,0.0,0.0,0.0,54.51941527970728,52.15687718422036,55.63636080975168,705.8809909999999,698.3916389999999,712.0076795,21.176776688412616,20.70068914507565,21.378772005881416,Qwen2.5,42.0,42.0,42.0,522.0,522.0,522.0,20.8518715,16.68635425,25.588314250000003,37.542289,33.3053835,42.152677,qwen25_0_5b_fp16,22.666710400195495,22.473331723265623,22.91241659637302,gpu_gpu,iGPU → iGPU,FP16,11.988368053034002,11.115381583578568,12.034233480063682,0.6363636363636364,0.625,0.6515151515151515,0.0,0.0,0.0,4601.665926712596,4594.271032528484,4908.212707749677,220.0,220.0,220.0,top1_match_all_repeats,True,0.5,16.547641000000002,16.492974500000003,16.61902925,18.34303435,18.236382024999997,22.249032649999997,441.579209,415.621217,442.29111650000004
3256.083763568839,3013.397606243519,3297.8575506533584,3.1983783105388284,2048,7.601000286965383,7.397689444136457,8.670858291541567,0.0,0.0,0.0,0.9552695455293241,0.9551917077324117,0.956814210370863,47.20488633261632,41.1966643495215,47.96839045545439,628.976448,621.1088944999999,684.068391,18.083654036431717,17.704882163960725,19.076634976155553,Qwen2.5,42.0,42.0,42.0,8.0,8.0,75825.5,31.236676999999997,25.1589745,85.45070974999999,49.380953999999996,43.470670999999996,103.40801950000001,qwen25_0_5b_fp16,25.438154402881555,23.542168798777492,25.764512114479363,gpu_npu,iGPU → NPU,FP16,10.328899619761636,10.230315654971918,10.405776684613985,0.967741935483871,0.967741935483871,0.967741935483871,0.01374107061228757,0.013571739248524884,0.01622863589246778,6529.295809598845,6511.857671092175,6591.054324166631,89372.0,89372.0,89372.0,top1_mismatch,False,0.5,18.144277,17.95730975,18.3116965,23.452067549999995,23.406387474999995,24.210723299999998,311.212734,308.32372499999997,312.04837
2883.6471589780886,2801.081335128407,3014.096144988269,2.040728172287345,2048,9.284453791616558,9.220938759510236,9.512441051108883,0.9615384615384616,0.9599358974358975,0.9807692307692308,0.0,0.0,0.0,55.71604541802646,53.2330602661834,55.913336430881756,710.2117169999999,680.7491415,731.7820244999999,21.338908043878686,20.83382314698786,21.489733578982943,Qwen2.5,42.0,42.0,42.0,522.0,522.0,522.0,17.1116635,13.949973499999999,19.973318499999998,33.499046,30.4217585,36.3905025,qwen25_0_5b_fp16,22.528493429516317,21.88344793069068,23.54762613272085,openvino_auto,OpenVINO AUTO (actual iGPU),FP16,12.18148431647477,11.3848971279853,12.268794819472708,0.6363636363636364,0.6225296442687747,0.6471291866028708,0.0,0.0,0.0,4588.122524908854,4513.437581141592,4953.299511094774,220.0,220.0,220.0,baseline,True,0.5,16.446985499999997,16.417184,16.5015865,20.14588655,18.430535974999998,24.391203675,442.88268,412.47348999999997,450.3344735
2845.602066983094,2831.6756742275675,2940.2611159186745,0.9078262252733111,4096,10.77982371240567,10.52386787187714,10.929909449631921,0.9655172413793104,0.9655172413793104,0.9827586206896552,0.0,0.0,0.0,44.477808863252505,44.17141662359542,45.31323026243381,1439.414192,1394.518916,1446.5283265,40.289082094538706,39.071873587210305,40.4494325020034,Qwen2.5,42.0,42.0,42.0,78.0,78.0,78.0,26.82702,24.04174175,29.013185250000003,46.685089999999995,43.7248115,48.964158,qwen25_0_5b_fp16,11.115633074152711,11.061233102451435,11.485394984057322,gpu_gpu,iGPU → iGPU,FP16,29.509258382133034,28.141964137578384,29.925564630126253,0.7053571428571429,0.7013024246395807,0.7176785714285714,0.0,0.0,0.0,3701.797147118028,3658.438333858278,3875.379813415315,62.0,62.0,62.0,top1_match_all_repeats,True,0.5,19.858069999999998,19.68306975,19.95097275,23.73208415,23.58919285,23.794901949999996,1102.167363,1054.916456,1115.386621
3630.309762872128,3443.120670440884,3630.4859416906734,3.790025919675827,4096,8.65262590164414,8.559610161270475,9.112478369650326,0.0,0.0,0.03333333333333333,0.9594075371002659,0.9485728792944359,0.9637043895132829,41.678565086582346,36.32468547495173,41.76313321019302,1128.278375,1128.223625,1193.1450344999998,34.23245414420591,34.191079207851644,35.003691520130644,Qwen2.5,42.0,42.0,42.0,151643.0,101414.5,151643.0,40.7916245,38.9968765,98.92441224999999,61.040116,59.3149705,119.2943085,qwen25_0_5b_fp16,14.18089751121925,13.449690118909704,14.181585709729193,gpu_npu,iGPU → NPU,FP16,25.683109850600566,25.63146904658117,25.94285395449971,0.9868421052631579,0.9868421052631579,0.9869275461380724,0.006984758271262143,0.006445340704125982,0.0071508226502141935,5300.585773969865,5287.026209223047,5305.225279990493,89372.0,89372.0,89372.0,top1_mismatch,False,0.5,20.3876965,20.318094000000002,20.43949875,26.38795515,26.201722750000002,27.533516999999996,769.726248,769.053698,771.7054305
2827.7188390128445,2787.5888147292735,2935.0401822379545,1.350780539214611,4096,10.291275239605035,10.06548935713549,10.437030086457217,1.0,1.0,1.0,0.0,0.0,0.0,42.97830372995891,42.82681831126027,43.9294262668091,1448.517421,1397.4199975000001,1469.6748045,39.90481793553073,38.63222450354894,40.00908629757291,Qwen2.5,42.0,42.0,42.0,78.0,78.0,78.0,32.602312500000004,31.6299605,34.033606,52.102776000000006,51.24331,53.734218,qwen25_0_5b_fp16,11.045776714893924,10.889018807536225,11.46500071186701,openvino_auto,OpenVINO AUTO (actual iGPU),FP16,29.530569726305686,28.299462779133897,29.797842093585235,0.6972477064220184,0.693756596573841,0.7186238532110092,0.0,0.0,0.0,3710.76374837605,3645.8904707967695,3870.9888733169328,62.0,62.0,62.0,baseline,True,0.5,19.7262355,19.6133495,19.813498000000003,24.891375349999993,23.841737049999995,28.562237025,1099.504112,1055.803087,1119.4225965
2530.28332314397,2523.3795513894775,2609.8196235339697,0.9227810930460691,8192,11.397912698882905,11.002700515090362,11.57416773373787,0.9696969696969697,0.9696969696969697,0.9696969696969697,0.0,0.0,0.0,39.09940484893042,38.331621450663874,39.24716908652915,3237.5821020000003,3141.8322980000003,3246.4641775,89.21420497592791,87.10804362204142,90.54855250851622,Qwen2.5,42.0,42.0,42.0,78.0,78.0,78.0,32.187742500000006,31.92384875,39.58938925000001,54.975293,54.7470285,62.376990000000006,qwen25_0_5b_fp16,4.941959615515566,4.928475686307573,5.0973039522147845,gpu_gpu,iGPU → iGPU,FP16,78.6067166446301,76.10534310695107,79.3695969585709,0.7640845070422535,0.7636676952172399,0.7808972153531879,0.0,0.0,0.0,2861.920914919376,2854.5031726382854,2975.4890451113583,8.0,8.0,8.0,top1_match_all_repeats,True,0.5,22.787651,22.78760075,22.823230000000002,26.0898805,25.599848625,26.176459174999998,2856.822478,2751.7923769999998,2864.265589
3070.121760909111,2983.263686529437,3085.0177159352024,5.3119816817343235,8192,9.963845819601374,9.914415943182545,10.67606094882526,0.0,0.0,0.0,0.9563700109123398,0.9324745043506137,0.957164635443424,33.29764299570672,29.652857274348523,33.8375796576548,2668.29808,2655.476159,2748.3156135,84.53365303619366,83.50369426928162,86.72958986905924,Qwen2.5,42.0,42.0,42.0,151643.0,151643.0,151643.0,80.27002750000001,72.8337065,133.39190675,103.710693,96.2251815,156.80247450000002,qwen25_0_5b_fp16,5.996331564275607,5.826686887752807,6.025425226435942,gpu_npu,iGPU → NPU,FP16,74.66866696942994,73.58927832609908,76.10295879665281,0.9954337899543378,0.9931297390138663,0.9954747425108013,0.0021800982895455543,0.002027457946935199,0.0023114087521882184,3686.510036786897,3658.8615911622937,3696.1119430633503,89372.0,89372.0,89372.0,top1_mismatch,False,0.5,23.38047,23.361377249999997,23.41056775,31.46177735,31.359075224999998,35.741749575,2217.815744,2212.0691429999997,2234.7024305
2515.964933093783,2513.8741815861727,2600.4405878029643,1.3113034395501018,8192,12.131694366148789,12.126545640091352,12.466067412868288,0.9696969696969697,0.9696969696969697,0.9848484848484849,0.0,0.0,0.0,38.28302305627987,38.10194379080497,38.3294616182862,3256.007225,3153.563306,3258.7174514999997,90.95828250822466,86.91523000385419,91.25909218956444,Qwen2.5,42.0,42.0,42.0,78.0,78.0,78.0,36.61781,33.748817,38.493364,59.646074,56.6279165,61.512774,qwen25_0_5b_fp16,4.913994009948795,4.9099105109104935,5.078985523052665,openvino_auto,OpenVINO AUTO (actual iGPU),FP16,78.75946141131644,74.75512099838312,78.79302477669614,0.7667844522968198,0.7654344796695367,0.7841555849270359,0.0,0.0,0.0,2853.615810537976,2851.392184995888,2966.220259117521,8.0,8.0,8.0,baseline,True,0.5,23.010556,22.870245500000003,23.01941,26.6206027,26.448000475,28.980681949999997,2865.136915,2760.34785,2867.373003
996.2848663814116,988.5618785975771,1005.6440927607811,1.6709308847784996,1024,22.43097423160133,21.906076949205676,22.88651563725299,0.9836065573770492,0.9836065573770492,0.9918032786885246,0.0,0.0,0.0,22.477790538086463,22.3496970718926,22.51589054630978,1027.8184829999998,1018.3410895,1035.9113815,34.01359510119007,33.44256860175318,34.20331383758705,Qwen2.5,42.0,42.0,42.0,78.0,78.0,78.0,12.014416,10.7736155,14.0681715,55.536018999999996,54.2231775,57.620129999999996,qwen25_1_5b_fp16,15.566951037209556,15.446279353087142,15.713188949387204,gpu_gpu,iGPU → iGPU,FP16,11.490362435506256,11.080950246895839,11.726210388944478,0.75,0.7302631578947368,0.7840909090909092,0.0,0.0,0.0,2796.169961729199,2728.133642911648,2907.768047616809,291.0,291.0,291.0,top1_match_all_repeats,True,1.5,43.521603,43.449562,43.5519585,45.06358405,44.741105399999995,45.35408905,360.493108,347.1690065,369.713306
934.9172639534885,874.8361879568215,936.5681100200311,3.4886896423995495,1024,15.983463487281561,15.4256599018411,17.322076529697163,0.0,0.0,0.0,0.9808274280844883,0.9798189436420638,0.9809259255644858,19.98933057486968,18.17711724330084,20.040653867535433,1095.2840849999998,1093.3568744999998,1176.0517235,27.19154110895417,26.73927856749612,28.9160574526817,Qwen2.5,42.0,42.0,42.0,78.0,78.0,78.0,21.257724000000007,20.04806275,103.95128749999999,68.662608,67.466105,151.36138449999999,qwen25_1_5b_fp16,14.608082249273258,13.669315436825336,14.633876719062986,gpu_npu,iGPU → NPU,FP16,11.419159709637437,11.313618665655023,11.699521966966948,0.9714285714285714,0.9710084033613445,0.9714285714285714,0.01945410104831826,0.019369429518348268,0.022318766064160785,2922.8996656289773,2922.8117372112188,2942.828131638213,291.0,291.0,291.0,top1_match_all_repeats,True,1.5,47.415310000000005,47.410097,47.423255250000004,54.15565405,53.9119137,54.45534245,344.863018,342.543357,344.87339299999996
166.64411454288808,163.204888168136,166.78482810392964,8.697680806741118,1024,138.82164258121492,136.1376414956981,140.6857991085929,0.9980769230769231,0.9980242627555,0.9990384615384615,0.024115680735610323,0.02409665536710489,0.024570395189422944,2.641463475621028,2.5767540720406066,2.641738562945689,6144.8314740000005,6139.651553000001,6277.1093755,146.5408423515746,143.87632306853243,148.9977763329133,Qwen2.5,283.0,283.0,283.0,283.0,283.0,35018.5,65.30061900000005,51.31139749999999,346.113373,437.082913,423.7291275,709.1431125,qwen25_1_5b_fp16,2.603814289732626,2.550076377627125,2.6060129391239006,npu_gpu_combined,NPU + iGPU subgraphs,FP16,7.758163375308972,7.738681572834341,8.331459026795047,0.06521739130434782,0.06521739130434782,0.06669960474308301,0.8737199957531111,0.8657931237952492,0.885686568223285,2205.766827255172,2184.0543719726966,2253.1589783433924,291.0,291.0,291.0,top1_mismatch,False,1.5,371.782294,363.0297395,372.41773,389.02324304999996,377.81106935,389.744191475,456.98393300000004,447.5699055,461.572589
1000.2874800819831,996.451771480376,1005.7832630635659,4.743245515041053,1024,21.849905795953052,21.74217893269733,21.954242582033302,0.9836065573770492,0.9836065573770492,0.9837387625594923,0.0,0.0,0.0,22.417209535138554,22.283767213991148,22.422677446727896,1023.705705,1018.1423895,1027.6615515,33.90662446805531,33.04142331015048,33.95866973814533,Qwen2.5,42.0,42.0,42.0,78.0,78.0,78.0,15.273837000000006,11.97078875,16.637996500000007,58.631724000000006,55.4044965,60.12486750000001,qwen25_1_5b_fp16,15.629491876280985,15.569558929380875,15.715363485368217,openvino_auto,OpenVINO AUTO (actual iGPU),FP16,11.848045099941755,11.194907591372893,12.00442715611203,0.7777777777777778,0.7746031746031746,0.7859477124183006,0.0,0.0,0.0,2840.211149299021,2810.494047009309,2922.8422370088883,291.0,291.0,291.0,baseline,True,1.5,43.5095285,43.433707749999996,43.56269175,45.577434,45.166533525,45.941831949999994,354.903191,345.1456475,358.69590600000004
1366.154208948247,1363.4550708326078,1382.364362628647,1.6549215903505683,2048,23.261027436098225,22.806255593567087,23.35023167982559,0.9848484848484849,0.9848484848484849,0.9924242424242424,0.0,0.0,0.0,20.416328324438073,20.34733433084017,20.630648167284473,1499.0987010000001,1481.7234235,1502.0722500000002,48.04695553438617,47.793525539450656,48.689665940820746,Qwen2.5,42.0,42.0,42.0,220.0,220.0,220.0,18.99911950000001,16.736677000000007,21.282422500000003,65.452983,63.2263055,67.77745300000001,qwen25_1_5b_fp16,10.67307975740818,10.651992740879749,10.799721583036305,gpu_gpu,iGPU → iGPU,FP16,25.69547178335022,24.8980657021562,25.883410347253655,0.7922077922077922,0.7857142857142858,0.8058261183261184,0.0,0.0,0.0,2637.797167485111,2622.297244113774,2720.9689890943573,220.0,220.0,220.0,top1_match_all_repeats,True,1.5,46.5253935,46.489628499999995,46.530795499999996,53.8247413,51.810425925,54.267149575000005,770.339746,747.4911930000001,774.9201585000001
1264.732858713221,1205.8035677217904,1268.0979838653743,4.149856457486749,2048,16.78613396053171,16.689924227495858,17.16602249474719,0.0,0.0,0.0,0.9769761867968799,0.974889803555623,0.9778103181285278,18.836398888604243,17.203987120482353,18.849324304121026,1619.3142970000001,1615.0285295,1702.518747,46.5355292177509,46.51631324516306,46.916144908467835,Qwen2.5,42.0,42.0,156.5,13.0,13.0,416.0,39.74441449999999,39.55492749999999,119.26793900000001,88.938698,88.74508650000001,168.41339250000001,qwen25_1_5b_fp16,9.88072545869704,9.420340372826487,9.907015498948237,gpu_npu,iGPU → NPU,FP16,29.750849570222105,29.73090644113281,29.846332146756502,0.9878048780487805,0.9877295995182174,0.9878048780487805,0.010669712611005277,0.010576402871756716,0.010830767946077555,2470.728418948724,2469.8964965466043,2481.22017188263,283.0,283.0,283.0,top1_mismatch,False,1.5,49.186034500000005,49.141329,49.19015900000001,56.62088194999999,56.46819502499999,57.98985397499999,822.429525,818.9665534999999,822.706633
1350.5582503841788,1348.1887008085096,1380.211026484903,8.34754111431539,2048,23.235403114553584,22.836171931836656,24.326106778808338,1.0,0.9924242424242424,1.0,0.0,0.0,0.0,20.532744196156006,20.44540726604191,20.55146518297699,1516.409973,1484.5162785,1519.0798775,50.49108878679413,49.181172941223906,51.38592249445823,Qwen2.5,42.0,42.0,42.0,220.0,220.0,220.0,20.334507499999994,18.501635999999998,20.69107725,67.066302,65.3643055,67.35423499999999,qwen25_1_5b_fp16,10.551236331126397,10.532724225066481,10.782898644413304,openvino_auto,OpenVINO AUTO (actual iGPU),FP16,26.863945759059234,26.149131052796594,27.05981571564989,0.7922077922077922,0.7758507315469341,0.8058261183261184,0.0,0.0,0.0,2606.460049405989,2587.3402435180174,2707.6858157986117,220.0,220.0,220.0,baseline,True,1.5,46.7317945,46.663157749999996,46.862669499999996,50.317366,50.026322925,52.0636724,779.6014369999999,751.5066569999999,785.405389
1634.2013256294047,1624.676459438107,1668.8525767611418,1.671638049185276,4096,21.645568523481565,21.616709645419277,22.006760671721942,0.9841269841269841,0.9839989759344598,0.9841269841269841,0.0,0.0,0.0,21.282415866569966,21.25051559404212,21.39729160432636,2506.423129,2455.4395645,2521.2039985,81.4949949933806,78.42831116230036,82.18184736906498,Qwen2.5,42.0,42.0,42.0,78.0,78.0,78.0,27.9302605,24.255052749999997,29.737412250000002,72.596193,68.940962,74.4178035,qwen25_1_5b_fp16,6.383598928239862,6.346392419680106,6.51895537797321,gpu_gpu,iGPU → iGPU,FP16,59.12704217341829,56.45040936864072,60.17508669734304,0.8146067415730337,0.8106182879135887,0.8294590594092713,0.0,0.0,0.0,2255.211050258657,2241.6427040395465,2329.3518965941544,220.0,220.0,220.0,top1_match_all_repeats,True,1.5,44.69485,44.68039125,44.700368,47.106267450000004,46.839246125,47.156936875,1809.143317,1753.3364430000001,1820.160491
1509.1060637030785,1474.7343842343932,1517.4612027678788,5.203982960432768,4096,18.14601783572401,17.433240530071075,18.382096141515028,0.0,0.0,0.0,0.9786172354278204,0.9779897721737603,0.9786615696066046,17.237192336887603,15.97834992262328,17.347422192529397,2714.1896110000002,2699.32712,2778.958891,85.79096747048017,84.39750567410523,85.94290156807526,Qwen2.5,42.0,42.0,120.0,13.0,13.0,146.0,85.8982135,80.521056,157.41539225,136.851056,131.50051100000002,208.38885599999998,qwen25_1_5b_fp16,5.89494556134015,5.760681188415599,5.927582823312027,gpu_npu,iGPU → NPU,FP16,67.17279302317412,66.72818683824315,67.56080542656024,0.988950276243094,0.9889195825659914,0.9917428976843885,0.00471865541303485,0.004253872793310571,0.004749147069456835,2235.319349104262,2223.963374869296,2235.6686225882627,283.0,283.0,283.0,top1_mismatch,False,1.5,50.994085,50.97346374999999,51.00007625,58.70467319999999,58.656414074999994,59.62749564999999,1825.242555,1824.957446,1834.61042
1627.221771402249,1621.0113976838818,1665.201638328204,2.1733186691999435,4096,23.00033697916929,22.67465453742023,23.117179963183,0.9841269841269841,0.9839989759344598,0.9841269841269841,0.0,0.0,0.0,21.299049867702585,21.23004670395904,21.329397702732777,2517.1737940000003,2461.0424155,2526.854609,83.69250179294299,83.0608162900892,84.12930393161749,Qwen2.5,42.0,42.0,42.0,78.0,78.0,78.0,27.866270999999998,26.241961249999996,28.92983425,72.52522,70.9134725,73.57083850000001,qwen25_1_5b_fp16,6.356335044540035,6.332075772202663,6.5046938997195465,openvino_auto,OpenVINO AUTO (actual iGPU),FP16,61.33208312309528,60.380438465580696,61.337806410183546,0.8166666666666667,0.8116482504604052,0.8309523809523809,0.0,0.0,0.0,2248.0351548751337,2240.1832325592295,2323.555917467137,220.0,220.0,220.0,baseline,True,1.5,44.65894900000001,44.64100425,44.67151125000001,48.2103175,47.631511,48.316072525,1814.918237,1757.7862535,1821.3019655
1526.3732712918795,1525.636652135457,1560.1763528702095,1.6647716462612152,8192,24.903276962499113,24.62565037057687,25.039092191165942,0.9852941176470589,0.9852941176470589,0.9854006820119352,0.0,0.0,0.0,19.545877697122307,19.53909174218755,19.56456280307617,5366.970291,5253.1544345,5369.562862999999,177.1343408345819,173.98962274979044,178.29947360100846,Qwen2.5,42.0,42.0,42.0,261.0,261.0,261.0,30.9977855,30.88420575,33.54071575,79.860898,79.601507,82.1110245,qwen25_1_5b_fp16,2.981197795491952,2.9797590862020646,3.047219439199628,gpu_gpu,iGPU → iGPU,FP16,152.23106387208279,149.36397237921358,153.26038140984252,0.8549450549450549,0.8549450549450549,0.8651168692739131,0.0,0.0,0.0,1777.773214865182,1776.3870960761835,1823.9463146042976,220.0,220.0,220.0,top1_match_all_repeats,True,1.5,48.571490000000004,48.4244975,48.717301250000006,50.668234749999996,50.598343475,50.681439375,4599.011804,4485.462568,4602.603225499999
1485.4204045296813,1461.0537875270993,1487.420185940534,6.948272679001093,8192,19.314082998148,19.028056651579014,19.32458717811876,0.0,0.0,0.0,0.9783249132382333,0.9762565385822297,0.978675182818048,15.468493217695292,14.43367389178111,15.490482887044433,5514.937034,5507.532360499999,5608.4719115,185.44986458286223,184.41806748671397,186.48795741350622,Qwen2.5,311.0,176.5,374.0,1753.0,1032.0,23474.0,114.75934750000002,114.46523525,186.37055700000002,170.550427,170.19406300000003,242.03875,qwen25_1_5b_fp16,2.9012117275970337,2.853620678763866,2.9051175506651057,gpu_npu,iGPU → NPU,FP16,166.1147732247727,165.3795066551642,167.16337023538745,0.9933774834437086,0.9933479844835469,0.9944565988647114,0.0018679726901493629,0.0016859696687688344,0.0018746287271619968,1797.7238755916362,1790.9498300073365,1801.2076043388065,283.0,283.0,283.0,top1_mismatch,False,1.5,55.666576,55.60594125,55.728827749999994,63.613831950000005,63.022589075,64.967449125,4547.973196,4539.193908,4565.240652500001
1522.4001689327483,1520.7310314349263,1554.0996934013374,2.1653368724510074,8192,24.51226668830181,24.37463843942529,25.128136329445752,0.9852941176470589,0.9852941176470589,0.9852941176470589,0.0,0.0,0.0,19.745044508515853,19.576072443389112,19.784549798307562,5380.976807,5273.413123,5386.889397000001,177.36024786470094,174.82671112997144,178.1346071550913,Qwen2.5,42.0,42.0,42.0,261.0,261.0,261.0,29.980421500000006,29.060239000000003,34.422079,78.157714,77.24985000000001,82.8155285,qwen25_1_5b_fp16,2.973437829946774,2.9701777957713404,3.035350963674487,openvino_auto,OpenVINO AUTO (actual iGPU),FP16,152.84798117639912,149.6985748005257,153.759968715666,0.8518518518518519,0.8515276764729719,0.8648660180918246,0.0,0.0,0.0,1768.0436139441701,1766.3650285468295,1814.6066329513385,220.0,220.0,220.0,baseline,True,1.5,48.201929500000006,48.189611,48.405768,50.6232435,50.537299675,50.687347125,4624.3203140000005,4508.628381,4628.7190085
512.7420592796457,510.3932984950761,513.2228862710441,2.789744785055518,1024,43.1229998117395,42.09350625683534,43.334353260390316,1.0,0.9960629921259843,1.0,0.0,0.0,0.0,10.791038897709017,10.707293359903568,10.807628278604277,1997.1055259999998,1995.236234,2006.3384234999999,65.03463419199078,63.088387584242376,65.397238369353,Qwen2.5,42.0,42.0,42.0,78.0,78.0,78.0,20.241441499999997,17.304904249999993,21.260037500000003,110.586364,107.9654845,111.99283550000001,qwen25_3b_fp16,8.011594676244464,7.974895288985564,8.019107597985064,gpu_gpu,iGPU → iGPU,FP16,21.91163438025128,20.994881327407033,22.062885108962686,0.8666666666666667,0.846031746031746,0.8729885057471265,0.0,0.0,0.0,1660.4529404286563,1630.4933846355866,1697.0857346633275,290.0,290.0,290.0,top1_match_all_repeats,True,3.0,90.976238,90.66058025000001,91.04845574999999,95.74199429999999,95.41095737499998,96.798083775,607.063275,594.2362655,618.426575
175.80329157642794,172.99594172759078,175.92327627182584,5.953581932932138,1024,27.55417649669848,27.14189798754711,28.87460587714862,0.0,0.0,0.0,0.9910168214855533,0.9903844146566176,0.9912038993087302,9.921026729013935,9.368375302757713,9.946998324778654,5824.691852,5820.7219535,5920.773191,146.79461810625787,145.2886409401109,149.48559704058428,Qwen2.5,42.0,42.0,42.0,78.0,78.0,78.0,38.46611899999999,34.86564975,131.81360925,136.148302,132.576436,229.562172,qwen25_3b_fp16,2.7469264308816865,2.703061589493606,2.7488011917472788,gpu_npu,iGPU → NPU,FP16,119.24044160955938,118.14674295256377,120.61099116343566,0.9976580796252927,0.9976580796252927,0.9976580796252927,0.0026864924809464836,0.0023972137439317908,0.002688444404838212,233.7254963120047,233.6551469225734,233.72725794342057,290.0,290.0,290.0,top1_match_all_repeats,True,3.0,97.7393895,97.71078625000001,97.777166,100.82995355,100.694388575,101.1320415,4312.7515650000005,4312.7190595,4314.0504485
15.265270032248647,15.23251377176734,15.273327772442265,23.223629924468696,1024,1728.4648673294084,1719.3944370871131,1729.1556406451098,0.9996698580389568,0.9995888256560658,0.9997528945650076,0.0026551421147302185,0.0026432431270031493,0.002657965855438835,0.22651740861171837,0.2260315317250298,0.22664178360473292,67080.372495,67045.0016045,67224.93415350001,1751.2023468633415,1742.2100991829639,1752.053769283216,Qwen2.5,220.0,110.0,220.0,220.0,220.0,70846.5,0.6553485000004855,0.32767425000024275,338.8625555,4412.084914,4407.135865,4738.717216,qwen25_3b_fp16,0.23851984425388512,0.2380080276838647,0.2386457464444104,npu_gpu_combined,NPU + iGPU subgraphs,FP16,22.893844657768486,22.81566209585081,22.976311200024085,0.13953488372093023,0.13953488372093023,0.13953488372093023,0.8258855266482489,0.8229375071049927,0.8267454200138284,1169.1096864390988,1167.8115451280787,1170.3993372731145,290.0,290.0,290.0,top1_mismatch,False,3.0,4408.0777025,4398.178728999999,4409.753634,4430.79879175,4425.723106975,4431.07126785,862.19455,861.2455525,863.1540335
507.67945391364344,507.27790203342477,509.6496836934824,8.413142912089825,1024,40.5554402956133,40.51826609124743,41.674093190787055,0.9922480620155039,0.9921870231337362,0.9922480620155039,0.0,0.0,0.0,10.60815137197216,10.586230712270876,10.69926615854585,2017.020764,2009.25329,2018.6186655000001,61.73673839642411,61.57926711844169,62.41941306069091,Qwen2.5,42.0,42.0,42.0,78.0,78.0,78.0,15.092098999999997,15.057134,20.043318499999998,106.365505,105.9147585,111.177668,qwen25_3b_fp16,7.932491467400679,7.926217219272262,7.963276307710663,openvino_auto,OpenVINO AUTO (actual iGPU),FP16,20.940703953577717,20.625022796287308,21.061001027194262,0.8666666666666667,0.8526881720430108,0.8729885057471265,0.0,0.0,0.0,1671.6035576181314,1635.6880717983654,1702.3606662971074,290.0,290.0,290.0,baseline,True,3.0,90.995293,90.718568,91.1343495,100.62771444999998,99.27028487499999,100.6943966,603.0137920000001,592.3122915000001,616.5516745
727.0726149942805,725.5438326720061,733.3742421990551,2.800072302110493,2048,44.037910885957885,43.51381434808664,44.24791144996723,0.9928057553956835,0.9928057553956835,0.9928314491264132,0.0,0.0,0.0,9.858521320098015,9.84239684144253,9.85915772427815,2816.7750480000004,2792.7776905,2822.722764,91.30615653603785,89.48061312461172,91.31300907224337,Qwen2.5,42.0,42.0,42.0,220.0,220.0,220.0,13.979001000000006,13.404009499999994,19.756539999999998,113.84433100000001,113.2854395,119.05460550000001,qwen25_3b_fp16,5.680254804642816,5.668311192750048,5.729486267180118,gpu_gpu,iGPU → iGPU,FP16,46.848244522061265,45.756798212515726,47.06509762227614,0.875,0.8716085271317829,0.8846544715447154,0.0,0.0,0.0,1568.8106920415082,1561.555574394189,1602.2692557587686,220.0,220.0,220.0,top1_match_all_repeats,True,3.0,99.86533,99.2980655,99.88143000000001,104.039077,103.99117665,104.07479005,1295.2486940000001,1268.754579,1301.2946175000002
190.732220702847,188.92014287822997,191.09651609991874,6.534896406345069,2048,29.646488131125512,28.97701756777922,29.808283315023864,0.0,0.0,0.0,0.9896084827448995,0.988602476681858,0.9896827963431765,9.505573428216362,9.012005042699966,9.546313330219363,10737.567006,10717.136473999999,10841.556681999999,287.5919700740218,286.66818047879997,289.1593976405388,Qwen2.5,42.0,42.0,42.0,1718.0,1718.0,3214.0,74.2844115,66.63837900000001,163.06173775000002,173.979452,166.45557300000002,262.775743,qwen25_3b_fp16,1.4900954742409922,1.4759386162361716,1.4929415320306152,gpu_npu,iGPU → NPU,FP16,259.28442306958885,257.52936772712235,260.18238007275954,0.9988950276243094,0.9988931900870992,0.9988962458959474,0.0012341088129454183,0.001130507834701823,0.0012575245036369636,221.8450704149606,221.5417649089478,222.1784849814417,220.0,220.0,220.0,top1_mismatch,False,3.0,99.73297000000001,99.71400525000001,99.83615875000001,102.94850089999998,102.670179225,103.708680625,9159.545425999999,9145.820650499998,9172.1026485
723.0901438068121,722.9809650489899,729.0879635756053,7.723630679771304,2048,43.199460523656526,43.161821202473405,43.822032663631106,0.9928571428571429,0.9928571428571429,0.9928571428571429,0.0,0.0,0.0,9.79450211911987,9.783369731400407,9.801176859762522,2832.2886399999998,2809.1790149999997,2832.716414,90.29080807894302,89.45404898906234,90.74663642926284,Qwen2.5,42.0,42.0,42.0,220.0,220.0,220.0,15.073428,14.76614675,17.753939749999994,115.192989,114.774506,117.83844199999999,qwen25_3b_fp16,5.649141748490719,5.648288789445234,5.695999715434416,openvino_auto,OpenVINO AUTO (actual iGPU),FP16,46.75785997597698,46.08784467575106,46.96224308681485,0.8682170542635659,0.8682170542635659,0.8776569142285571,0.0,0.0,0.0,1562.094933725843,1560.3336337235696,1593.1271729528603,220.0,220.0,220.0,baseline,True,3.0,100.0494435,99.9733005,100.08450224999999,105.15026845,104.912680225,105.579573575,1300.817227,1275.9629725,1302.287245
876.8859758392337,875.6457288420556,888.4147311662165,2.763699364848435,4096,41.61464016584719,41.53019814672665,42.85032895261487,0.9922480620155039,0.9922480620155039,0.9922778771615981,0.0,0.0,0.0,10.48851653020552,10.485455162324818,10.528354143165284,4671.074817999999,4611.2358619999995,4677.7002185,156.04669809514434,154.98019578291135,158.8095087872635,Qwen2.5,42.0,42.0,42.0,1718.0,1718.0,1718.0,23.90276799999999,22.974769,27.67963099999999,115.762957,115.3336545,119.953497,qwen25_3b_fp16,3.4253358431220065,3.42049112828928,3.470370043618033,gpu_gpu,iGPU → iGPU,FP16,114.60094196753823,113.44999763618469,116.04362185376917,0.8978328173374613,0.8975145395098522,0.9068452112577274,0.0,0.0,0.0,1259.2188538799617,1254.4233390183695,1283.1913430639618,36.0,36.0,36.0,top1_match_all_repeats,True,3.0,92.687543,92.273866,92.77256249999999,100.3072394,98.29813765,100.356425,3240.103964,3180.682677,3252.5380395
202.28190978809923,201.63380325587238,202.56846827609573,8.387475336901844,4096,31.95470546278752,31.110741450225156,32.089016423921535,0.0,0.0,0.0,0.989899777747271,0.9888481328124454,0.9904914927662305,9.117084489125128,8.63274042716347,9.128386060309765,20248.968404000003,20220.364164500003,20314.264039,563.150989471775,562.0994945074209,565.0096059841073,Qwen2.5,42.0,42.0,42.0,1718.0,1718.0,3214.0,103.5047355,102.15897125000001,196.93359224999998,205.7984,204.4683315,299.3339645,qwen25_3b_fp16,0.7901637101097626,0.7876320439682515,0.7912830792034989,gpu_npu,iGPU → NPU,FP16,531.1962840089875,530.0104780834994,533.8988645338823,0.9989077007099946,0.9989074022675656,0.9989106673023085,0.0006283070449841021,0.0005593466091986689,0.0006330117183216104,219.93938106248552,219.62526367198603,220.00972931623318,220.0,220.0,220.0,top1_mismatch,False,3.0,102.325056,102.30936025,102.416068,105.2186293,104.9060423,106.6185225,18550.56598,18544.6363205,18577.1357895
879.8221656698196,879.4203891589405,887.0299459568323,3.5447567850351334,4096,43.98516022259083,43.92135399893013,45.233695630650004,0.9923076923076923,0.9922778771615981,0.9923076923076923,0.0,0.0,0.0,10.527165091603338,10.455630113331122,10.556994074181762,4655.486255999999,4617.961869499999,4657.6141575,158.08098228301205,157.49457382094727,161.41783213079017,Qwen2.5,42.0,42.0,42.0,1718.0,1718.0,1718.0,23.738090000000003,23.213908250000003,30.01632025,115.423095,115.3114305,122.29996700000001,qwen25_3b_fp16,3.4368053346477327,3.435235895152111,3.464960726393876,openvino_auto,OpenVINO AUTO (actual iGPU),FP16,114.09582206042123,113.57321982201714,116.18413650014017,0.897196261682243,0.8970356308411215,0.9050497437443473,0.0,0.0,0.0,1261.2613076033124,1260.5265093034382,1281.1573137600133,36.0,36.0,36.0,baseline,True,3.0,92.7333685,92.09752225,92.8078285,100.38342,98.743398625,100.78029347500001,3234.857024,3185.3888475,3236.743818
885.4299468098451,885.1146566899524,895.7496768679362,2.785680193454027,8192,47.00718435008983,46.32170295571602,47.510705234558955,0.9928057553956835,0.9927796892920446,0.9928314491264132,0.0,0.0,0.0,9.70446882113418,9.695234573694833,9.779850182263372,9252.002408,9146.626189999999,9255.299274,318.80381272461636,316.7465021804097,321.3544898898683,Qwen2.5,42.0,42.0,42.0,78.0,78.0,78.0,32.16617049999999,32.065662749999994,36.27953175,131.406359,130.64529349999998,135.692465,qwen25_3b_fp16,1.7293553648629787,1.7287395638475633,1.7495110876326878,gpu_gpu,iGPU → iGPU,FP16,270.7895866055883,269.2357969458508,274.5292660496832,0.9145860709592641,0.9141557805776712,0.9215305523487278,0.0,0.0,0.0,1060.9469989685113,1058.8735899593285,1076.0768113839117,198.0,198.0,198.0,top1_match_all_repeats,True,3.0,99.441204,98.57963075,99.513441,107.64871504999999,107.460514375,107.72995429999999,7706.322755,7599.4729475,7721.44232
202.42162281169493,202.05121309533422,202.5267992585571,11.432788781821728,8192,32.220472920920905,31.36302648863344,34.00468666484822,0.0,0.0,0.0,0.9891091789615096,0.9862392079005429,0.9896434063974757,8.362041149715992,7.909410787899306,8.376050970023439,40469.984808,40448.9787985,40544.3125345,1145.08109750841,1144.5258642874078,1147.6233071535871,Qwen2.5,220.0,220.0,220.0,1825.0,1825.0,1825.0,160.46092999999996,158.0850535,261.1509615,268.87752,266.4675945,369.473929,qwen25_3b_fp16,0.39535473205409166,0.39463127557682465,0.39556015480186935,gpu_npu,iGPU → NPU,FP16,1114.3766163899886,1113.0633872677365,1114.4760669210264,0.9992128050380478,0.9990809164444049,0.9992128050380478,0.00023163135504446208,0.0002311411013891354,0.0002661768230768708,211.62622949967678,211.49492048887424,211.70051578814457,220.0,110.0,220.0,top1_mismatch,False,3.0,108.348492,108.2889185,108.382541,111.32695169999998,111.24659674999998,114.65067207499999,38634.152389,38620.600315,38658.1537405
885.0421136507651,884.6320729074268,893.8843231558412,3.51444427203387,8192,46.09801645803966,45.489722399879966,46.29142098668211,0.9928057553956835,0.9927796892920446,0.9928314491264132,0.0,0.0,0.0,9.73978923886958,9.722642601728175,9.800555780119357,9256.056716,9165.393608499999,9260.349031999998,319.9379874956227,315.4075500155309,320.50187445893596,Qwen2.5,42.0,42.0,42.0,78.0,78.0,78.0,34.0448985,33.558541500000004,37.546285250000004,132.054899,131.9981085,135.982849,qwen25_3b_fp16,1.7285978782241507,1.727797017397318,1.7458678186637524,openvino_auto,OpenVINO AUTO (actual iGPU),FP16,274.5809359069246,269.680015992162,274.8187475304135,0.9136125654450262,0.9129581151832461,0.9212358129238554,0.0,0.0,0.0,1059.1873700275985,1058.1030322151817,1072.1532844704384,198.0,198.0,198.0,baseline,True,3.0,98.86312699999999,98.43656375,98.86613025,106.38641039999999,106.26326635,106.809059925,7719.125276,7626.890692,7727.043905500001
260.752459994474,260.2777435840736,261.5592795172896,10.92683682218194,1024,86.79918936284363,85.74216183178399,87.05131822123104,1.0,0.9980769230769231,1.0,0.0,0.0,0.0,5.34787218891652,5.340328811433944,5.348010202163604,3927.09622,3915.019744,3934.2718754999996,132.8522017517532,131.33742346136717,134.39923450420244,Qwen2.5,42.0,42.0,42.0,78.0,78.0,78.0,7.846010000000014,7.727336750000008,12.088796250000005,194.39052800000002,194.27981200000002,198.3308715,qwen25_7b_fp16,4.074257187413656,4.06683974350115,4.08686374245765,gpu_gpu,iGPU → iGPU,FP16,46.053012388909565,45.59526162958316,47.34791628297139,0.9285714285714286,0.9282496782496783,0.932175622542595,0.0,0.0,0.0,898.0858630919743,895.5907303191804,908.0219549834039,290.0,290.0,290.0,top1_match_all_repeats,True,7.0,186.323086,186.13135925,186.55247525,187.25145110000003,186.6876767,187.75809557500003,1122.3871139999999,1110.2382564999998,1125.5228419999999
98.55329607193744,96.9309099961576,98.58310178192903,9.113449837081134,1024,57.93827275034857,55.97123761275118,58.01990183323565,0.0,0.0,0.0,0.9919820019433664,0.9912422671440313,0.9925855364614332,4.7837933363467595,4.562036347631093,4.784496901547223,10390.317126,10387.176657,10567.1859425,266.4635906161848,266.1518788728431,267.9002916347474,Qwen2.5,42.0,42.0,42.0,78.0,78.0,78.0,41.660278,40.01680424999999,195.9553955,247.628512,246.129897,402.346358,qwen25_7b_fp16,1.5398952511240225,1.5145454686899624,1.540360965342641,gpu_npu,iGPU → NPU,FP16,211.39871990296155,209.56867805817012,211.92905402199625,0.9986033519553073,0.9979089183174865,0.9986043259079187,0.00233764724663949,0.0023178198166276956,0.0024950346151299345,138.9438306865149,138.62615877322338,138.9951858189411,290.0,290.0,290.0,top1_match_all_repeats,True,7.0,206.25795150000002,206.11309275000002,206.53582125000003,208.01400879999997,207.53238907499997,208.59426014999997,7254.730167,7252.0507215,7271.3930925
8.674305392357397,8.639063058853575,8.688419182077002,475.13566965516657,1024,3004.1533000132113,2951.280717264326,3005.7677039527375,0.9819531910893881,0.9817051347013206,0.9821110181217456,0.002482542113025853,0.0024812507927389725,0.002492228343899856,0.1293517003838133,0.12883306439930844,0.12957878078750742,118049.798074,117858.34461649999,118533.34491750001,3060.41122113619,3006.370229947467,3061.046640320852,Qwen2.5,0.0,0.0,0.0,0.0,0.0,7.5,7.636519500000105,6.056189250000177,191.70231275000037,7717.5049690000005,7713.1845475,7898.319382000001,qwen25_7b_fp16,0.13553602175558432,0.1349853602945871,0.13575654971995316,npu_gpu_combined,NPU + iGPU subgraphs,FP16,54.29995161324992,54.110527928276696,55.27893636811416,0.12980769230769232,0.12949714758925285,0.13012123745819398,0.8622938411940326,0.8608207813509301,0.8625064139890585,477.7918032740029,477.0187940704569,480.4041894366625,290.0,290.0,290.0,top1_mismatch,False,7.0,7704.388266999999,7703.876978,7707.12835825,7740.94827255,7735.239754800001,8038.347747,2109.70551,2098.295207,2113.129838
261.3961516494277,260.3738488343375,261.671756225694,18.58357109222561,1024,85.55802231975309,85.29471718042016,86.37570516341695,1.0,0.9980544747081712,1.0,0.0,0.0,0.0,5.3618570554846094,5.3490098694784045,5.372344708315255,3917.425691,3913.3040215,3932.8672619999998,132.45024589994648,132.35842277126503,133.181433184093,Qwen2.5,42.0,42.0,42.0,78.0,78.0,78.0,9.275330999999998,8.875735750000002,13.594857000000001,195.169189,194.3266575,199.6007705,qwen25_7b_fp16,4.0843148695223075,4.068341388036523,4.088621191026469,openvino_auto,OpenVINO AUTO (actual iGPU),FP16,46.892223580193395,46.80572802067604,47.06370559084486,0.9285714285714286,0.9204260651629073,0.932175622542595,0.0,0.0,0.0,891.4132564637025,883.6740135671082,904.65045964526,290.0,290.0,290.0,baseline,True,7.0,185.893858,185.45092175,186.0059135,186.48864155,186.401751625,186.63913487500002,1130.788658,1114.4811295,1140.7796395
399.4671220941392,397.44183146141114,402.4430246331002,9.288249555043876,2048,86.60482368795958,86.54403195809756,88.02092407292153,0.9961240310077519,0.996108890503876,0.9961240310077519,0.0,0.0,0.0,5.359118528725976,5.353027761500256,5.372636984930659,5126.829936,5089.1973904999995,5153.089132499999,187.82896060698423,186.08959630468215,188.02331934598294,Qwen2.5,42.0,42.0,42.0,220.0,220.0,220.0,13.26480100000002,11.689321000000016,16.225210500000017,199.299217,197.535943,201.2887685,qwen25_7b_fp16,3.1208368913604625,3.1050143082922745,3.1440861299460954,gpu_gpu,iGPU → iGPU,FP16,98.78065362709816,98.32382270062134,100.00239527306141,0.9264069264069265,0.9249055908630377,0.9320923520923521,0.0,0.0,0.0,872.9039131132442,864.4209279957477,884.6911249767875,220.0,220.0,220.0,top1_match_all_repeats,True,7.0,185.658828,184.875764,185.846622,186.86304305000002,186.3178438,187.170955575,2327.862173,2297.254624,2350.933028
111.21578019057145,110.48138447768653,111.243208085328,8.87854654993862,2048,57.89723419021033,54.928085107028124,60.935004548550424,0.0,0.0,0.0,0.9941903998958115,0.993790969196463,0.9942846622750903,4.678368371722701,4.493413359268313,4.678849384132613,18414.652997,18410.1138375,18537.878630500003,516.3968264757608,513.8394580596322,516.8009174782599,Qwen2.5,42.0,42.0,156.5,82.0,82.0,82.0,80.7656015,79.45842675,216.857579,288.936625,287.76923899999997,424.9850325,qwen25_7b_fp16,0.8688732827388395,0.863135816231926,0.869087563166625,gpu_npu,iGPU → NPU,FP16,459.3077742905487,455.86591292970945,459.3154639551032,0.9973368841544608,0.9973351087438971,0.997665097595625,0.0012601138723640493,0.001186821363655998,0.0012677548153906878,133.68431760569518,133.64731478909582,133.7741796268686,61262.0,30631.0,71552.0,top1_mismatch,False,7.0,208.1710235,208.1274535,208.31081225,209.62374945000002,209.34530175,210.17606895,15199.987824999998,15189.7841765,15204.197398
398.8132111011527,398.09298639141224,402.13392211475167,10.806858167983592,2048,89.36125143744553,88.17933167001891,89.95215968975029,1.0,0.9980544747081712,1.0,0.0,0.0,0.0,5.377329538516507,5.367266016401423,5.385409813092119,5135.236103,5093.1780435,5144.543545,189.78972309796757,187.44512964633367,190.76211486726487,Qwen2.5,42.0,42.0,42.0,220.0,220.0,220.0,13.366095500000007,12.174736249999999,15.450575000000008,198.266534,197.2679085,200.0040475,qwen25_7b_fp16,3.1157282117277556,3.110101456182908,3.1416712665214974,openvino_auto,OpenVINO AUTO (actual iGPU),FP16,99.24665515591252,98.67488972401,100.80995517751455,0.9310344827586207,0.9268906319372503,0.9366283524904214,0.0,0.0,0.0,866.2484289655399,864.7515994725445,880.7033883355273,220.0,220.0,220.0,baseline,True,7.0,184.90043849999998,184.5534725,185.09317225,186.01432140000003,185.24933795,187.51872415000003,2345.7474,2307.8684220000005,2349.8147785
488.51211749912517,488.44667300157846,493.3107617133511,5.165887873619795,4096,89.51436478792222,89.01565000218648,89.62790710226865,0.9961832061068703,0.9961758942411746,0.9961904623690245,0.0,0.0,0.0,5.254028638369279,5.253332518057384,5.254524002663129,8384.643601,8303.8683315,8385.7671675,320.48796452606746,317.6113090734332,321.2715341199631,Qwen2.5,42.0,42.0,42.0,78.0,78.0,78.0,20.805042999999994,18.667665750000005,22.58541724999999,209.129247,207.3933045,210.9861555,qwen25_7b_fp16,1.9082504589809577,1.9079948164124159,1.9269951629427777,gpu_gpu,iGPU → iGPU,FP16,231.97102930961674,228.48211675690027,232.25588411777665,0.9397810218978102,0.9397259771280642,0.9454084017210331,0.0,0.0,0.0,737.9359947373357,737.7356443602816,748.9497237643218,49.0,49.0,49.0,top1_match_all_repeats,True,7.0,188.47727250000003,188.40073825000002,188.802173,190.72192264999998,190.219103625,191.32966362500002,5528.934798,5448.807011000001,5530.436725
117.50048216936753,117.15422427706056,117.56088798167823,12.078973207622766,4096,60.51168755235426,57.182521329896474,62.82050856987197,0.0,0.0,0.0,0.994975627006883,0.9942319935278661,0.9950506459532082,4.476247218038092,4.313795466284285,4.485741175305423,34859.43142,34841.528945,34962.7664375,1003.508435915967,1003.0834508569013,1008.1993257367344,Qwen2.5,42.0,42.0,120.0,82.0,82.0,82.0,131.443986,128.06664075,264.71622475000004,345.95947,342.33812650000004,479.05440600000003,qwen25_7b_fp16,0.4589862584740919,0.45763368858226783,0.4592222186784306,gpu_npu,iGPU → NPU,FP16,947.7608859701123,944.9538321077969,948.7079833893204,0.9980707395498393,0.997906701603362,0.9980710496206284,0.0006050015196545108,0.0005684538155297035,0.0006137827311651154,129.57827409433824,129.53375588171588,129.64819953574982,0.0,0.0,0.0,top1_mismatch,False,7.0,214.1608785,214.094183,214.33818125,215.484725,215.1283393,215.63820937499997,31486.759864,31469.786711,31497.5849665
490.41501935900476,490.406669339216,493.12269162137545,6.344236670061946,4096,88.9085447282377,88.8250535189955,89.6499664544365,0.9961977186311787,0.9961904623690245,0.9961977186311787,0.0,0.0,0.0,5.250463004729424,5.238703046071837,5.257999324541592,8352.109618,8306.499713500001,8352.2518295,319.0434133965132,317.01807681063156,319.2683987553288,Qwen2.5,42.0,42.0,42.0,78.0,78.0,78.0,15.860385000000004,15.848361999999991,18.702082000000008,205.15008,204.839297,208.1975645,qwen25_7b_fp16,1.9156836693711123,1.9156510521063126,1.9262605141459979,openvino_auto,OpenVINO AUTO (actual iGPU),FP16,228.65202521587787,227.36811035619502,229.70192351013446,0.9393382352941176,0.9375590259039396,0.9452788737446198,0.0,0.0,0.0,742.4636238054565,741.8928287608508,749.6301895778533,49.0,49.0,49.0,baseline,True,7.0,189.289695,188.990935,189.49548249999998,190.30641555,190.11934545000003,190.57063405,5495.218714,5443.1811675,5499.4498625
495.6334444277145,475.5958651940599,497.919334381965,5.547535102814436,8192,90.73110662146432,90.37310044848437,91.60280656391917,0.9963235294117647,0.9963235294117647,0.9963302628743805,0.0,0.0,0.0,4.994483062377571,4.9737249486687,5.002145834896865,16528.343864,16452.810916000002,17255.337555,616.5810162520157,611.4555356138947,635.3122916265785,Qwen2.5,42.0,42.0,42.0,78.0,78.0,78.0,38.78060449999998,38.100533499999976,52.79451199999999,235.474582,235.0273355,249.6081695,qwen25_7b_fp16,0.9680340711478799,0.9288981742071483,0.9724986999647753,gpu_gpu,iGPU → iGPU,FP16,526.5659219765113,520.2107352229555,544.9391911780941,0.9514200298953662,0.9104632265771625,0.9550993279247824,0.0,0.0,0.0,604.0984634963498,574.9643291451038,608.2942150922063,8.0,8.0,8.0,top1_match_all_repeats,True,7.0,196.93333750000002,196.81365750000003,197.04648200000003,200.4805697,199.683263125,200.726778025,13534.217505999999,13441.503799999999,14256.6174665
121.45364990229947,121.13027662609568,122.76480697415249,15.612135223113,8192,65.6009585900533,64.14664211489324,66.81060349116814,0.0,0.0,0.0,0.9947825514411042,0.9945628316129053,0.9951097597294937,4.216178673446935,4.065550680958886,4.218953297812412,67449.59914,66736.83402400001,67630.1467515,1959.5713861423321,1910.8772376954598,1974.8695763629562,Qwen2.5,15.0,7.5,15.0,644.0,322.0,644.0,191.29923050000002,190.179993,325.45212275000006,415.56996000000004,414.357009,549.8333885,qwen25_7b_fp16,0.23721415996542866,0.23658257153534312,0.2397750136213916,gpu_npu,iGPU → NPU,FP16,1891.551137750049,1845.5209506794517,1908.0589728717878,0.9982520260607024,0.9981488143332828,0.9984116139193813,0.00029665137671383655,0.00028469512074123955,0.00030046106729729786,127.95682701199303,127.87417855539002,129.42165346456966,0.0,0.0,0.0,top1_mismatch,False,7.0,224.2707295,224.17701599999998,224.38126574999998,225.40313005000002,225.31371075,225.933282625,63896.551602,63181.4482615,63937.876339
495.84586745196697,495.6566687537297,498.88294725313995,6.129528114572167,8192,94.53250241691421,92.15205122350608,94.61224210678,0.9963235294117647,0.9963235294117647,0.9963302628743805,0.0,0.0,0.0,5.0185961621677,5.0148778970885814,5.025005742955676,16521.263033,16421.2941305,16527.5718255,622.4257001464254,617.6547691234277,622.5390764173505,Qwen2.5,42.0,42.0,42.0,78.0,78.0,78.0,36.44838249999999,35.61659549999999,38.96785675,233.245195,232.114843,235.52925549999998,qwen25_7b_fp16,0.968448959867123,0.9680794311596284,0.974380756353789,openvino_auto,OpenVINO AUTO (actual iGPU),FP16,527.8931977295111,523.0425270166477,530.3870251938445,0.9507462686567164,0.9506910101697943,0.9556162954225831,0.0,0.0,0.0,604.3786150972744,603.8285755732547,608.8098147650941,8.0,8.0,8.0,baseline,True,7.0,196.32598499999997,196.26283374999997,196.56139874999997,197.8425613,197.5830896,198.4298657,13527.943901,13430.192740999999,13540.278011
