model,rep,condition,mode,quiet_s,loaded_s,latency_ratio,quiet_effective_tps,loaded_effective_tps,throughput_ratio,same_prompts,exact_work_match,quiet_tokens,loaded_tokens,cache_match,quiet_cached,loaded_cached,quiet_reasoning,loaded_reasoning,cached_delta,reasoning_delta,campaign
cloud,0,combined,one_shot,19.703765624959487,22.71274612500565,1.1527109364432644,18.321370994319377,16.20235606802515,0.8843419017631794,True,False,361,368,True,7424,7424,66,77,0,11,rerun_20260911
cloud,0,combined,agentic,42.64853708300507,41.34198295796523,0.9693646203503546,9.777592117366424,9.989844957846381,1.02170808906039,True,False,417,413,True,37120,37120,160,86,0,-74,rerun_20260911
cloud,1,combined,one_shot,18.916761166008655,19.840131208999082,1.0488122694412203,19.136468279277867,18.80027889285403,0.9824320046145671,True,False,362,373,True,7424,7424,122,117,0,-5,rerun_20260911
cloud,1,combined,agentic,41.22012937499676,36.796001165988855,0.8926706859951904,9.970856623494823,11.441460665816512,1.1474902405934142,True,False,411,421,False,37120,36096,122,95,-1024,-27,rerun_20260911
cloud,2,combined,one_shot,16.48722558299778,20.366365332971327,1.235281535419389,22.017045752945762,17.528900918911088,0.7961513599782485,True,False,363,357,True,7424,7424,66,116,0,50,rerun_20260911
cloud,2,combined,agentic,37.236820042016916,42.14302737498656,1.1317568827690878,11.144882928556369,10.037247591070454,0.9006148970261646,True,False,415,423,True,37120,37120,96,165,0,69,rerun_20260911
cloud,3,combined,one_shot,18.0527752499911,17.562827792018652,0.9728602693387716,19.609173387353533,20.270084306229013,1.0337041702788818,True,False,354,356,True,7424,7424,111,103,0,-8,rerun_20260911
cloud,3,combined,agentic,43.42371575004654,41.84006308304379,0.963530235963258,9.787278510350522,9.799220407154635,1.0012201447819724,True,False,425,410,True,37120,37120,151,132,0,-19,rerun_20260911
cloud,4,combined,one_shot,19.507123166986275,19.963751874980517,1.0234083059857353,18.095953820469788,18.28313647082714,1.0103438952273196,True,False,353,365,True,7424,7424,116,168,0,52,rerun_20260911
cloud,4,combined,agentic,41.53360883303685,44.50722987501649,1.071595537337809,9.91967737877584,9.05470866489982,0.9128027373423749,True,False,412,403,False,29696,37120,119,188,7424,69,rerun_20260911
cloud,5,combined,one_shot,17.180621540988795,20.773587458010297,1.2091289833985084,21.128455634388434,17.570388395253126,0.8315983287796843,True,False,363,365,True,7424,7424,69,193,0,124,rerun_20260911
cloud,5,combined,agentic,44.21202783298213,41.783630792051554,0.9450738371444027,9.590150481261038,10.291111419685393,1.0730917559421012,True,False,424,430,True,37120,37120,68,159,0,91,rerun_20260911
cloud_agent,0,combined,agentic,38.8300894999993,37.98249462497188,0.9781716991657349,10.996626726806994,11.005069680841414,1.000767776723187,False,False,427,418,False,37120,37120,121,174,0,53,rerun_20260911
cloud_agent,1,combined,agentic,41.95138304197462,38.60908654204104,0.9203292893445388,9.91624041533433,10.645162494390181,1.0735079070822704,False,False,416,411,False,37120,37120,170,112,0,-58,rerun_20260911
cloud_agent,2,combined,agentic,43.718167292070575,34.54383970901836,0.790148394790643,9.744232807244556,12.071616922514083,1.2388473429677485,False,False,426,417,False,29696,37120,128,96,7424,-32,rerun_20260911
4b,0,browser,one_shot,4.107774500036612,4.5313062919303775,1.1031049274710651,63.53805448611499,57.59928444139927,0.9065320760487949,True,True,261,261,,,,,,,,rerun_20260911
4b,0,browser,agentic,11.232161124935374,11.572928959038109,1.0303385813569066,41.93315914551662,40.69842661845455,0.9705547458807647,True,True,471,471,,,,,,,,rerun_20260911
4b,0,combined,one_shot,4.107774500036612,4.851532500004396,1.1810610587219805,63.53805448611499,53.797434109688744,0.84669627587425,True,True,261,261,,,,,,,,rerun_20260911
4b,0,combined,agentic,11.232161124935374,12.800873417058028,1.1396625524397186,41.93315914551662,36.79436431051343,0.8774527142786804,True,True,471,471,,,,,,,,rerun_20260911
4b,0,fault,one_shot,4.107774500036612,5.128599458024837,1.2485104666721911,63.53805448611499,50.8910867647516,0.8009544386643576,True,True,261,261,,,,,,,,rerun_20260911
4b,0,fault,agentic,11.232161124935374,13.812331333057955,1.2297127132902865,41.93315914551662,34.099963912154706,0.8131980658509623,True,True,471,471,,,,,,,,rerun_20260911
4b,0,game,one_shot,4.107774500036612,4.260337125044316,1.0371399708056868,63.53805448611499,61.26275746248252,0.9641900111353002,True,True,261,261,,,,,,,,rerun_20260911
4b,0,game,agentic,11.232161124935374,12.271186541998759,1.0925044971761269,41.93315914551662,38.38259636816526,0.9153280399163302,True,True,471,471,,,,,,,,rerun_20260911
4b,0,gpu,one_shot,4.107774500036612,24.602835375000723,5.989334461952923,63.53805448611499,10.608533367060842,0.16696345918773972,True,True,261,261,,,,,,,,rerun_20260911
4b,0,gpu,agentic,11.232161124935374,72.2521287080599,6.432611489845915,41.93315914551662,6.518839076743476,0.15545785744693774,True,True,471,471,,,,,,,,rerun_20260911
4b,0,video,one_shot,4.107774500036612,3.9178390000015497,0.9537619457851522,63.53805448611499,66.61835772217714,1.048479659331327,True,True,261,261,,,,,,,,rerun_20260911
4b,0,video,agentic,11.232161124935374,11.30674450006336,1.0066401625028696,41.93315914551662,41.65655286518243,0.9934036384100156,True,True,471,471,,,,,,,,rerun_20260911
4b,1,browser,one_shot,4.262318875058554,4.663073500036262,1.0940226756197828,61.234273561105745,55.97166761321055,0.914057836537513,True,True,261,261,,,,,,,,rerun_20260911
4b,1,browser,agentic,12.624380999943241,14.097910666023381,1.1167209438693877,37.308759930654624,33.409205885743894,0.8954788620109919,True,True,471,471,,,,,,,,rerun_20260911
4b,1,combined,one_shot,4.262318875058554,5.131648499984294,1.203956965775771,61.234273561105745,50.86084910157015,0.8305944717514459,True,True,261,261,,,,,,,,rerun_20260911
4b,1,combined,agentic,12.624380999943241,15.36333129205741,1.2169571951390317,37.308759930654624,30.6574134897097,0.8217215888893733,True,True,471,471,,,,,,,,rerun_20260911
4b,1,fault,one_shot,4.262318875058554,4.332683457992971,1.0165085215341731,61.234273561105745,60.23980346833439,0.983759583727584,True,True,261,261,,,,,,,,rerun_20260911
4b,1,fault,agentic,12.624380999943241,13.427106749964878,1.0635853551968406,37.308759930654624,35.078294138179245,0.9402160297843959,True,True,471,471,,,,,,,,rerun_20260911
4b,1,game,one_shot,4.262318875058554,4.964325999957509,1.1647007522142068,61.234273561105745,52.57511291608044,0.8585896403852278,True,True,261,261,,,,,,,,rerun_20260911
4b,1,game,agentic,12.624380999943241,14.548682250082493,1.152427374470709,37.308759930654624,32.37406604280806,0.8677336395790526,True,True,471,471,,,,,,,,rerun_20260911
4b,1,gpu,one_shot,4.262318875058554,24.167527084005997,5.670042010564964,61.234273561105745,10.799615496147684,0.17636553629350624,True,True,261,261,,,,,,,,rerun_20260911
4b,1,gpu,agentic,12.624380999943241,63.44180683395825,5.025340001560749,37.308759930654624,7.424126510657475,0.1989915109603379,True,True,471,471,,,,,,,,rerun_20260911
4b,1,video,one_shot,4.262318875058554,4.306134416954592,1.0102797428302301,61.234273561105745,60.611205951296306,0.9898248550431863,True,True,261,261,,,,,,,,rerun_20260911
4b,1,video,agentic,12.624380999943241,13.084114874945953,1.0364163498396302,37.308759930654624,35.997849644525196,0.9648632040151964,True,True,471,471,,,,,,,,rerun_20260911
4b,2,browser,one_shot,4.347566458047368,5.074946834007278,1.1673074771780718,60.03358488445592,51.429110202896304,0.856672316035761,True,True,261,261,,,,,,,,rerun_20260911
4b,2,browser,agentic,12.548474041977897,13.59548433299642,1.0834372599820505,37.53444430170417,34.643855890950256,0.9229883786870751,True,True,471,471,,,,,,,,rerun_20260911
4b,2,combined,one_shot,4.347566458047368,5.616481584031135,1.2918679077659638,60.03358488445592,46.470374040231725,0.7740729481617876,True,True,261,261,,,,,,,,rerun_20260911
4b,2,combined,agentic,12.548474041977897,14.916552290902473,1.1887144397799079,37.53444430170417,31.575661105499588,0.8412449336319591,True,True,471,471,,,,,,,,rerun_20260911
4b,2,fault,one_shot,4.347566458047368,4.967312082997523,1.1425500060621279,60.03358488445592,52.54350756284667,0.875235214821419,True,True,261,261,,,,,,,,rerun_20260911
4b,2,fault,agentic,12.548474041977897,13.253927250043489,1.0562182465936232,37.53444430170417,35.53663688613158,0.9467740244263618,True,True,471,471,,,,,,,,rerun_20260911
4b,2,game,one_shot,4.347566458047368,5.021842792048119,1.1550928181333864,60.03358488445592,51.97295311858084,0.8657312938850973,True,True,261,261,,,,,,,,rerun_20260911
4b,2,game,agentic,12.548474041977897,14.534838084015064,1.1582952664517028,37.53444430170417,32.40490174555094,0.8633377248129304,True,True,471,471,,,,,,,,rerun_20260911
4b,2,gpu,one_shot,4.347566458047368,25.211152250063606,5.798911297467951,60.03358488445592,10.35256133520599,0.1724461625127189,True,True,261,261,,,,,,,,rerun_20260911
4b,2,gpu,agentic,12.548474041977897,63.50984483293723,5.061160792976129,37.53444430170417,7.416173055358054,0.19758313179612835,True,True,471,471,,,,,,,,rerun_20260911
4b,2,video,one_shot,4.347566458047368,4.400610959040932,1.0122009638047922,60.03358488445592,59.309946375464705,0.9879461053278099,True,True,261,261,,,,,,,,rerun_20260911
4b,2,video,agentic,12.548474041977897,12.627517041983083,1.0062990129111131,37.53444430170417,37.29949430549586,0.9937404162875101,True,True,471,471,,,,,,,,rerun_20260911
9b,0,browser,one_shot,7.2830916659440845,8.993879083078355,1.234898515026792,36.11103801285304,29.24210983610227,0.8097831423647832,True,True,263,263,,,,,,,,paging_9b_allcases_20260911
9b,0,browser,agentic,12.428253083024174,13.71113145898562,1.1032227431636177,21.161461570108617,19.181495034652475,0.9064352654046863,True,True,263,263,,,,,,,,paging_9b_allcases_20260911
9b,0,combined,one_shot,7.2830916659440845,9.116869499906898,1.2517856314424276,36.11103801285304,28.847621434384443,0.7988588260497159,True,True,263,263,,,,,,,,paging_9b_allcases_20260911
9b,0,combined,agentic,12.428253083024174,13.391850874992087,1.0775328427519792,21.161461570108617,19.63880888870452,0.9280459586234392,True,True,263,263,,,,,,,,paging_9b_allcases_20260911
9b,0,fault,one_shot,7.2830916659440845,7.817192416987382,1.0733343441962657,36.11103801285304,33.643792549928804,0.9316761411830349,True,True,263,263,,,,,,,,paging_9b_allcases_20260911
9b,0,fault,agentic,12.428253083024174,12.862014165963046,1.0349012109780213,21.161461570108617,20.447808298639657,0.9662758042914662,True,True,263,263,,,,,,,,paging_9b_allcases_20260911
9b,0,game,one_shot,7.2830916659440845,8.247667749994434,1.1324404701043007,36.11103801285304,31.88780246393624,0.8830486249823775,True,True,263,263,,,,,,,,paging_9b_allcases_20260911
9b,0,game,agentic,12.428253083024174,11.468388124951161,0.9227675078982662,21.161461570108617,22.93260370459602,1.0836965881878975,True,True,263,263,,,,,,,,paging_9b_allcases_20260911
9b,0,gpu,one_shot,7.2830916659440845,33.85096083395183,4.64788339713473,36.11103801285304,7.7693511061646525,0.2151516969243393,True,True,263,263,,,,,,,,paging_9b_allcases_20260911
9b,0,gpu,agentic,12.428253083024174,57.40267491689883,4.618724331845599,21.161461570108617,4.581668021233191,0.2165099988984208,True,True,263,263,,,,,,,,paging_9b_allcases_20260911
9b,0,video,one_shot,7.2830916659440845,8.675432874937542,1.1911744727179638,36.11103801285304,30.315490165312752,0.8395075808821262,True,True,263,263,,,,,,,,paging_9b_allcases_20260911
9b,0,video,agentic,12.428253083024174,13.279122875072062,1.0684625414661129,21.161461570108617,19.80552499395204,0.9359242474030296,True,True,263,263,,,,,,,,paging_9b_allcases_20260911
9b,1,browser,one_shot,6.633179124910384,8.642104209051467,1.3028600684996916,39.64916294998338,30.43240322473109,0.7675421360879914,True,True,263,263,,,,,,,,paging_9b_allcases_20260911
9b,1,browser,agentic,11.404573749983683,14.368701874976978,1.25990696276549,23.060923254617585,18.303671569525232,0.7937094004187457,True,True,263,263,,,,,,,,paging_9b_allcases_20260911
9b,1,combined,one_shot,6.633179124910384,7.639595916029066,1.151724651508228,39.64916294998338,34.42590457542197,0.868263085877741,True,True,263,263,,,,,,,,paging_9b_allcases_20260911
9b,1,combined,agentic,11.404573749983683,13.698818250093609,1.2011688073930171,23.060923254617585,19.198736358021453,0.8325224513366875,True,True,263,263,,,,,,,,paging_9b_allcases_20260911
9b,1,fault,one_shot,6.633179124910384,7.131907082977705,1.075186867213398,39.64916294998338,36.876532032746645,0.9300708839494455,True,True,263,263,,,,,,,,paging_9b_allcases_20260911
9b,1,fault,agentic,11.404573749983683,12.105161915998906,1.0614304560059709,23.060923254617585,21.72626866332151,0.942124841379504,True,True,263,263,,,,,,,,paging_9b_allcases_20260911
9b,1,game,one_shot,6.633179124910384,7.071189083042555,1.0660331870863036,39.64916294998338,37.19317881496074,0.9380571000169458,True,True,263,263,,,,,,,,paging_9b_allcases_20260911
9b,1,game,agentic,11.404573749983683,12.491525707999244,1.0953084246587572,23.060923254617585,21.0542736049914,0.9129848520169555,True,True,263,263,,,,,,,,paging_9b_allcases_20260911
9b,1,gpu,one_shot,6.633179124910384,32.88811099994928,4.958121947354106,39.64916294998338,7.996810762418238,0.20168927077996712,True,True,263,263,,,,,,,,paging_9b_allcases_20260911
9b,1,gpu,agentic,11.404573749983683,49.34817962499801,4.327051646719249,23.060923254617585,5.329477237024031,0.23110424410075983,True,True,263,263,,,,,,,,paging_9b_allcases_20260911
9b,1,video,one_shot,6.633179124910384,6.515915791969746,0.9823216996356596,39.64916294998338,40.36270700798847,1.0179964469591758,True,True,263,263,,,,,,,,paging_9b_allcases_20260911
9b,1,video,agentic,11.404573749983683,11.767345166997984,1.03180929204082,23.060923254617585,22.349986022131365,0.9691713456292836,True,True,263,263,,,,,,,,paging_9b_allcases_20260911
9b,2,browser,one_shot,8.563786499900743,9.083410208928399,1.0606768640289757,30.71071423873636,28.95388339298914,0.9427942042607633,True,True,263,263,,,,,,,,paging_9b_allcases_20260911
9b,2,browser,agentic,12.979033333947882,13.014317458029836,1.0027185479206426,20.263450538500333,20.20851272824369,0.9972888225451898,True,True,263,263,,,,,,,,paging_9b_allcases_20260911
9b,2,combined,one_shot,8.563786499900743,8.26018241699785,0.9645479154686525,30.71071423873636,31.83949054911876,1.0367551305257054,True,True,263,263,,,,,,,,paging_9b_allcases_20260911
9b,2,combined,agentic,12.979033333947882,12.745431834016927,0.9820016257050554,20.263450538500333,20.634844187708573,1.0183282530535753,True,True,263,263,,,,,,,,paging_9b_allcases_20260911
9b,2,fault,one_shot,8.563786499900743,6.8416344170691445,0.7989029639107001,30.71071423873636,38.44110690039842,1.2517164726801266,True,True,263,263,,,,,,,,paging_9b_allcases_20260911
9b,2,fault,agentic,12.979033333947882,11.120750750065781,0.8568242691062679,20.263450538500333,23.649482477470716,1.1671004616186647,True,True,263,263,,,,,,,,paging_9b_allcases_20260911
9b,2,game,one_shot,8.563786499900743,8.243065083050169,0.96254911109072,30.71071423873636,31.905607604723958,1.038908029188082,True,True,263,263,,,,,,,,paging_9b_allcases_20260911
9b,2,game,agentic,12.979033333947882,13.880059417104349,1.0694216633838014,20.263450538500333,18.94804568890433,0.9350848540283527,True,True,263,263,,,,,,,,paging_9b_allcases_20260911
9b,2,gpu,one_shot,8.563786499900743,32.753192125004716,3.8246156796861217,30.71071423873636,8.029751695536826,0.261464179345222,True,True,263,263,,,,,,,,paging_9b_allcases_20260911
9b,2,gpu,agentic,12.979033333947882,46.49923520802986,3.5826424057642825,20.263450538500333,5.6560070036288055,0.2791235872134637,True,True,263,263,,,,,,,,paging_9b_allcases_20260911
9b,2,video,one_shot,8.563786499900743,7.158480125013739,0.8359012832812573,30.71071423873636,36.73964241110402,1.1963135121345758,True,True,263,263,,,,,,,,paging_9b_allcases_20260911
9b,2,video,agentic,12.979033333947882,11.281683959066868,0.8692237448499776,20.263450538500333,23.31212263649985,1.1504517748449148,True,True,263,263,,,,,,,,paging_9b_allcases_20260911
