trial_start_unix,task_start_unix,model,rep,condition,mode,wall_s,calls,words,word_count_pass,answer_sha256,prompt_signature,input_tokens,cached_input_tokens,output_tokens,reasoning_output_tokens,decode_tps,work_signature,cache_signature,normalized_citations,unread_citations,citation_check_pass,mechanical_final_pass,opened_sources,task_status,generated_tokens,effective_tps,trial_host_swapout_bytes,campaign,peak_mlx_gb,first_ttft_s
1789141904.2916532,,cloud,0,combined,one_shot,22.71274612500565,1,233,False,1ad964f33ac0bf77f46b2e5156f31e5181d2838c832d8f31874e990ba349b540,fb3ff0c4306762d3b3f99c7fa605d504b90c5b55e2378c457d09f9bb90ac1727,11943,7424,445,77,,"[[11943, 7424, 445, 77]]","[[11943, 7424]]","S1,S2,S3,S4,S5,S6",,True,False,,trace_replay_complete,368,16.20235606802515,0,rerun_20260911,,
1789141904.2916532,,cloud,0,combined,agentic,41.34198295796523,5,223,True,63f8aa8a5eb2ba495214d73522af35f5aa4c2ac091c05babba9b6b6519f0edf5,80057c390f453c4ceee1fc48dce9d879111e81d6c345cb214e816e63d168bb02,60910,37120,499,86,,"[[11123, 7424, 14, 0], [12206, 7424, 14, 0], [12345, 7424, 14, 0], [12522, 7424, 31, 15], [12714, 7424, 426, 71]]","[[11123, 7424], [12206, 7424], [12345, 7424], [12522, 7424], [12714, 7424]]","S1,S2,S4,S5",,True,True,,trace_replay_complete,413,9.989844957846381,0,rerun_20260911,,
1789141827.642926,,cloud,0,quiet,one_shot,19.703765624959487,1,230,True,706d498a26ac7720aa3ea55fb5314e3b82e1ae3c20dcaafbd309803630dea179,fb3ff0c4306762d3b3f99c7fa605d504b90c5b55e2378c457d09f9bb90ac1727,11943,7424,427,66,,"[[11943, 7424, 427, 66]]","[[11943, 7424]]","S1,S2,S3,S4,S5,S6",,True,True,,trace_replay_complete,361,18.321370994319377,0,rerun_20260911,,
1789141827.642926,,cloud,0,quiet,agentic,42.64853708300507,5,221,True,7d2fbb29c0ab6fb2abab3b6d3cdb22cfd8bc5ff0d7459b2b8cd7595c4f4da1e0,80057c390f453c4ceee1fc48dce9d879111e81d6c345cb214e816e63d168bb02,60910,37120,577,160,,"[[11123, 7424, 14, 0], [12206, 7424, 14, 0], [12345, 7424, 44, 28], [12522, 7424, 33, 17], [12714, 7424, 472, 115]]","[[11123, 7424], [12206, 7424], [12345, 7424], [12522, 7424], [12714, 7424]]","S1,S2,S4,S5",,True,True,,trace_replay_complete,417,9.777592117366424,0,rerun_20260911,,
1789141984.563453,,cloud,1,combined,one_shot,19.840131208999082,1,234,False,8c9582a7245afcebcbdab9fa58e69a2db51c93a2ed117493926a197aa416d385,fb3ff0c4306762d3b3f99c7fa605d504b90c5b55e2378c457d09f9bb90ac1727,11943,7424,490,117,,"[[11943, 7424, 490, 117]]","[[11943, 7424]]","S1,S2,S3,S4,S5,S6",,True,False,,trace_replay_complete,373,18.80027889285403,0,rerun_20260911,,
1789141984.563453,,cloud,1,combined,agentic,36.796001165988855,5,221,True,8b07852992782af710577e72769b2d38986d0d5ae73fd00cfd45879fb91c65d0,80057c390f453c4ceee1fc48dce9d879111e81d6c345cb214e816e63d168bb02,60910,36096,516,95,,"[[11123, 7424, 14, 0], [12206, 7424, 14, 0], [12345, 7424, 14, 0], [12522, 6400, 30, 14], [12714, 7424, 444, 81]]","[[11123, 7424], [12206, 7424], [12345, 7424], [12522, 6400], [12714, 7424]]","S1,S2,S4,S5",,True,True,,trace_replay_complete,421,11.441460665816512,0,rerun_20260911,,
1789142057.687367,,cloud,1,quiet,one_shot,18.916761166008655,1,231,False,b5e8ece7e037700bd2b11d774b3f6b7647f2c2b520c8465d6b28bc7d4b25405b,fb3ff0c4306762d3b3f99c7fa605d504b90c5b55e2378c457d09f9bb90ac1727,11943,7424,484,122,,"[[11943, 7424, 484, 122]]","[[11943, 7424]]","S1,S2,S3,S4,S5,S6",,True,False,,trace_replay_complete,362,19.136468279277867,0,rerun_20260911,,
1789142057.687367,,cloud,1,quiet,agentic,41.22012937499676,5,223,True,7e90f6c093a165b355c2b56e11f20f32decdc6d687f61e1e784ad91d6f960b6a,80057c390f453c4ceee1fc48dce9d879111e81d6c345cb214e816e63d168bb02,60910,37120,533,122,,"[[11123, 7424, 14, 0], [12206, 7424, 14, 0], [12345, 7424, 14, 0], [12522, 7424, 41, 25], [12714, 7424, 450, 97]]","[[11123, 7424], [12206, 7424], [12345, 7424], [12522, 7424], [12714, 7424]]","S1,S2,S4,S5",,True,True,,trace_replay_complete,411,9.970856623494823,0,rerun_20260911,,
1789142132.5139148,,cloud,2,combined,one_shot,20.366365332971327,1,223,True,c71d872839f26dd2793d8db64fcec989a23e7c04080a4525aa04ddafcef27bbc,fb3ff0c4306762d3b3f99c7fa605d504b90c5b55e2378c457d09f9bb90ac1727,11943,7424,473,116,,"[[11943, 7424, 473, 116]]","[[11943, 7424]]","S1,S2,S4,S5,S6",,True,True,,trace_replay_complete,357,17.528900918911088,0,rerun_20260911,,
1789142132.5139148,,cloud,2,combined,agentic,42.14302737498656,5,223,True,a38ff8a566b7a8029f6c2edd88508ae916d719b18450663d8bd532b2f0c24ad9,80057c390f453c4ceee1fc48dce9d879111e81d6c345cb214e816e63d168bb02,60910,37120,588,165,,"[[11123, 7424, 14, 0], [12206, 7424, 14, 0], [12345, 7424, 14, 0], [12522, 7424, 33, 17], [12714, 7424, 513, 148]]","[[11123, 7424], [12206, 7424], [12345, 7424], [12522, 7424], [12714, 7424]]","S1,S2,S4,S5",,True,True,,trace_replay_complete,423,10.037247591070454,0,rerun_20260911,,
1789142210.660177,,cloud,2,quiet,one_shot,16.48722558299778,1,224,True,dd305b4a3202daff6cb66a69fa46cf333381f5833116996815b209d156626591,fb3ff0c4306762d3b3f99c7fa605d504b90c5b55e2378c457d09f9bb90ac1727,11943,7424,429,66,,"[[11943, 7424, 429, 66]]","[[11943, 7424]]","S1,S2,S4,S5,S6",,True,True,,trace_replay_complete,363,22.017045752945762,0,rerun_20260911,,
1789142210.660177,,cloud,2,quiet,agentic,37.236820042016916,5,231,False,dd09a79f9a9fd96379d2bac03fd1a248e98f0fa71569a5e4925d0c73d94d3e84,80057c390f453c4ceee1fc48dce9d879111e81d6c345cb214e816e63d168bb02,60910,37120,511,96,,"[[11123, 7424, 14, 0], [12206, 7424, 14, 0], [12345, 7424, 14, 0], [12522, 7424, 40, 24], [12714, 7424, 429, 72]]","[[11123, 7424], [12206, 7424], [12345, 7424], [12522, 7424], [12714, 7424]]","S1,S2,S4,S5",,True,False,,trace_replay_complete,415,11.144882928556369,0,rerun_20260911,,
1789142355.011313,,cloud,3,combined,one_shot,17.562827792018652,1,220,True,dc78044a6031c780421377a8acecfc77f1e9bb1aea313051d330ebe10fb4cb5c,fb3ff0c4306762d3b3f99c7fa605d504b90c5b55e2378c457d09f9bb90ac1727,11943,7424,459,103,,"[[11943, 7424, 459, 103]]","[[11943, 7424]]","S1,S2,S4,S5,S6",,True,True,,trace_replay_complete,356,20.270084306229013,0,rerun_20260911,,
1789142355.011313,,cloud,3,combined,agentic,41.84006308304379,5,226,True,c948c782198eb11520b4c8f1b3b9fbb1c919a7365620d2e75a94d7ddeb6daa02,80057c390f453c4ceee1fc48dce9d879111e81d6c345cb214e816e63d168bb02,60910,37120,542,132,,"[[11123, 7424, 14, 0], [12206, 7424, 14, 0], [12345, 7424, 14, 0], [12522, 7424, 30, 14], [12714, 7424, 470, 118]]","[[11123, 7424], [12206, 7424], [12345, 7424], [12522, 7424], [12714, 7424]]","S1,S2,S4,S5",,True,True,,trace_replay_complete,410,9.799220407154635,0,rerun_20260911,,
1789142279.2968462,,cloud,3,quiet,one_shot,18.0527752499911,1,226,True,013234ec051f3b40219708bf145b6f2967dd84f788d3d454707a0e2cd345fbb8,fb3ff0c4306762d3b3f99c7fa605d504b90c5b55e2378c457d09f9bb90ac1727,11943,7424,465,111,,"[[11943, 7424, 465, 111]]","[[11943, 7424]]","S1,S2,S4,S5,S6",,True,True,,trace_replay_complete,354,19.609173387353533,0,rerun_20260911,,
1789142279.2968462,,cloud,3,quiet,agentic,43.42371575004654,5,229,True,bd374dd5fc9fa43b3f802c864025fe1ba120877327608d2d5c7e1a024de02ed1,80057c390f453c4ceee1fc48dce9d879111e81d6c345cb214e816e63d168bb02,60910,37120,576,151,,"[[11123, 7424, 14, 0], [12206, 7424, 14, 0], [12345, 7424, 42, 26], [12522, 7424, 29, 13], [12714, 7424, 477, 112]]","[[11123, 7424], [12206, 7424], [12345, 7424], [12522, 7424], [12714, 7424]]","S1,S2,S4,S5",,True,True,,trace_replay_complete,425,9.787278510350522,0,rerun_20260911,,
1789142505.9705222,,cloud,4,combined,one_shot,19.963751874980517,1,228,True,0776d969a16684be18e93165d607512709a501c122e9f6342ab009d2dbb953b0,fb3ff0c4306762d3b3f99c7fa605d504b90c5b55e2378c457d09f9bb90ac1727,11943,7424,533,168,,"[[11943, 7424, 533, 168]]","[[11943, 7424]]","S1,S2,S4,S5,S6",,True,True,,trace_replay_complete,365,18.28313647082714,0,rerun_20260911,,
1789142505.9705222,,cloud,4,combined,agentic,44.50722987501649,5,226,True,572499a7e94bea8ab75844041c1aed422042fb170b2dcbf9b9f98807eabfdd84,80057c390f453c4ceee1fc48dce9d879111e81d6c345cb214e816e63d168bb02,60910,37120,591,188,,"[[11123, 7424, 14, 0], [12206, 7424, 47, 31], [12345, 7424, 34, 18], [12522, 7424, 31, 15], [12714, 7424, 465, 124]]","[[11123, 7424], [12206, 7424], [12345, 7424], [12522, 7424], [12714, 7424]]","S1,S2,S4,S5",,True,True,,trace_replay_complete,403,9.05470866489982,0,rerun_20260911,,
1789142430.1788568,,cloud,4,quiet,one_shot,19.507123166986275,1,221,True,45d51f7a1173d5d12e2756418f9593dddd45e132a790a0b2bcf7d895e37e1965,fb3ff0c4306762d3b3f99c7fa605d504b90c5b55e2378c457d09f9bb90ac1727,11943,7424,469,116,,"[[11943, 7424, 469, 116]]","[[11943, 7424]]","S1,S2,S4,S5,S6",,True,True,,trace_replay_complete,353,18.095953820469788,0,rerun_20260911,,
1789142430.1788568,,cloud,4,quiet,agentic,41.53360883303685,5,227,True,ae0cac871b4f7a756e914d460066d9dad240c41920f17f1686c723e06ed23cb1,80057c390f453c4ceee1fc48dce9d879111e81d6c345cb214e816e63d168bb02,60910,29696,531,119,,"[[11123, 7424, 14, 0], [12206, 0, 14, 0], [12345, 7424, 33, 17], [12522, 7424, 33, 17], [12714, 7424, 437, 85]]","[[11123, 7424], [12206, 0], [12345, 7424], [12522, 7424], [12714, 7424]]","S1,S2,S4,S5",,True,True,,trace_replay_complete,412,9.91967737877584,0,rerun_20260911,,
1789142586.1540082,,cloud,5,combined,one_shot,20.773587458010297,1,232,False,ae8a5dcf20cbd787d15843df9ca8b0e0d40eaf8985cdbfa9933fac9cb7f56533,fb3ff0c4306762d3b3f99c7fa605d504b90c5b55e2378c457d09f9bb90ac1727,11943,7424,558,193,,"[[11943, 7424, 558, 193]]","[[11943, 7424]]","S1,S2,S4,S5,S6",,True,False,,trace_replay_complete,365,17.570388395253126,0,rerun_20260911,,
1789142586.1540082,,cloud,5,combined,agentic,41.783630792051554,5,230,True,a21f85595f41ef3878a6628622b7aefd4b8505e02c699024f549a99b3006d8fa,80057c390f453c4ceee1fc48dce9d879111e81d6c345cb214e816e63d168bb02,60910,37120,589,159,,"[[11123, 7424, 14, 0], [12206, 7424, 14, 0], [12345, 7424, 14, 0], [12522, 7424, 31, 15], [12714, 7424, 516, 144]]","[[11123, 7424], [12206, 7424], [12345, 7424], [12522, 7424], [12714, 7424]]","S1,S2,S4,S5",,True,True,,trace_replay_complete,430,10.291111419685393,0,rerun_20260911,,
1789142664.486111,,cloud,5,quiet,one_shot,17.180621540988795,1,229,True,03ad77c1bf391eadc36370e4f72f945e297b26981c0719437dcb916cfe9a4aa9,fb3ff0c4306762d3b3f99c7fa605d504b90c5b55e2378c457d09f9bb90ac1727,11943,7424,432,69,,"[[11943, 7424, 432, 69]]","[[11943, 7424]]","S1,S2,S3,S4,S5,S6",,True,True,,trace_replay_complete,363,21.128455634388434,0,rerun_20260911,,
1789142664.486111,,cloud,5,quiet,agentic,44.21202783298213,5,232,False,eeac584becbc3fd0b7c96ce3ca2897c8d2b7725144cb1070d304929a85b3efd6,80057c390f453c4ceee1fc48dce9d879111e81d6c345cb214e816e63d168bb02,60910,37120,492,68,,"[[11123, 7424, 14, 0], [12206, 7424, 14, 0], [12345, 7424, 14, 0], [12522, 7424, 33, 17], [12714, 7424, 417, 51]]","[[11123, 7424], [12206, 7424], [12345, 7424], [12522, 7424], [12714, 7424]]","S1,S2,S4,S5",,True,False,,trace_replay_complete,424,9.590150481261038,0,rerun_20260911,,
1789142795.923604,1789142802.8719978,cloud_agent,0,combined,agentic,37.98249462497188,5,225,True,f6e9642b0f75466c278e0ec2d2aaa637eea056ec656c39d103e1b45067bbe56a,80057c390f453c4ceee1fc48dce9d879111e81d6c345cb214e816e63d168bb02,60910,37120,592,174,,"[[11123, 7424, 14, 0], [12206, 7424, 14, 0], [12345, 7424, 39, 23], [12522, 7424, 38, 22], [12714, 7424, 487, 129]]","[[11123, 7424], [12206, 7424], [12345, 7424], [12522, 7424], [12714, 7424]]","S1,S2,S4,S5",,True,True,"S2,S1,S4,S5",completed,418,11.005069680841414,0,rerun_20260911,,
1789142742.3764522,1789142748.274637,cloud_agent,0,quiet,agentic,38.8300894999993,5,229,True,929cc6487c2fae76ee3df2737661fcf1903144483fa6eda5a945866c26e4a3a7,e614e8172d736e185c40742d2c270dd2f7a7b87705559d1467bd799b4593c6d2,60885,37120,548,121,,"[[11123, 7424, 14, 0], [12181, 7424, 14, 0], [12345, 7424, 46, 30], [12522, 7424, 48, 32], [12714, 7424, 426, 59]]","[[11123, 7424], [12181, 7424], [12345, 7424], [12522, 7424], [12714, 7424]]","S1,S2,S4,S5",,True,True,"S1,S2,S4,S5",completed,427,10.996626726806994,0,rerun_20260911,,
1789142849.523011,1789142856.476598,cloud_agent,1,combined,agentic,38.60908654204104,5,231,False,27b993660096431dcba81b18a8f1cffadf2808edb85484f69f9991ad6eeedf75,80057c390f453c4ceee1fc48dce9d879111e81d6c345cb214e816e63d168bb02,60910,37120,523,112,,"[[11123, 7424, 14, 0], [12206, 7424, 14, 0], [12345, 7424, 14, 0], [12522, 7424, 34, 18], [12714, 7424, 447, 94]]","[[11123, 7424], [12206, 7424], [12345, 7424], [12522, 7424], [12714, 7424]]","S1,S2,S4,S5",,True,False,"S2,S1,S4,S5",completed,411,10.645162494390181,0,rerun_20260911,,
1789142904.040065,1789142909.972877,cloud_agent,1,quiet,agentic,41.95138304197462,5,226,True,92d4d16c1f0143e27fe856759eb885c4f2a1c4802d27758b12d159afdc5e9ffa,e614e8172d736e185c40742d2c270dd2f7a7b87705559d1467bd799b4593c6d2,60885,37120,586,170,,"[[11123, 7424, 14, 0], [12181, 7424, 14, 0], [12345, 7424, 49, 33], [12522, 7424, 28, 12], [12714, 7424, 481, 125]]","[[11123, 7424], [12181, 7424], [12345, 7424], [12522, 7424], [12714, 7424]]","S1,S2,S4,S5",,True,True,"S1,S2,S4,S5",completed,416,9.91624041533433,0,rerun_20260911,,
1789143018.982181,1789143025.916717,cloud_agent,2,combined,agentic,34.54383970901836,5,221,True,043ea6721ed40b830e86e737d0f8c4a90674ceec09626e03d89ba198c0d2344b,e614e8172d736e185c40742d2c270dd2f7a7b87705559d1467bd799b4593c6d2,60885,37120,513,96,,"[[11123, 7424, 14, 0], [12181, 7424, 14, 0], [12345, 7424, 14, 0], [12522, 7424, 31, 15], [12714, 7424, 440, 81]]","[[11123, 7424], [12181, 7424], [12345, 7424], [12522, 7424], [12714, 7424]]","S1,S2,S4,S5",,True,True,"S1,S2,S4,S5",completed,417,12.071616922514083,0,rerun_20260911,,
1789142960.5350778,1789142966.435099,cloud_agent,2,quiet,agentic,43.718167292070575,5,221,True,54334afe36cc2d3bfee00a667cf4b25d4046d1a70942594884ddad6ebae2385f,80057c390f453c4ceee1fc48dce9d879111e81d6c345cb214e816e63d168bb02,60910,29696,554,128,,"[[11123, 7424, 14, 0], [12206, 0, 14, 0], [12345, 7424, 14, 0], [12522, 7424, 34, 18], [12714, 7424, 478, 110]]","[[11123, 7424], [12206, 0], [12345, 7424], [12522, 7424], [12714, 7424]]","S1,S2,S4,S5",,True,True,"S2,S1,S4,S5",completed,426,9.744232807244556,0,rerun_20260911,,
1789143925.661823,1789143936.753655,4b,0,browser,one_shot,4.5313062919303775,1,174,False,e845fb3f20e6acaec1d3db9831f6b2df52f3d4157747a52c95e1470c5c80d150,fb3ff0c4306762d3b3f99c7fa605d504b90c5b55e2378c457d09f9bb90ac1727,,,,,80.20637006887387,"[[1126, 261, ""6954c8e9c92218be294851241d271521942bb36658fa12349269bc07b0457782""]]e845fb3f20e6acaec1d3db9831f6b2df52f3d4157747a52c95e1470c5c80d150",,"S1,S2,S3,S4,S5,S6",,True,False,,completed,261,57.59928444139927,0,rerun_20260911,4.873351152,1.2583189589204267
1789143925.661823,1789143941.285221,4b,0,browser,agentic,11.572928959038109,6,88,False,af10205197cefd07b3f116784e21b9dedb0eabfae9e4d28798ef8a581322072f,786c285d64a47433eae27cb56e28e3f8600f16a2de45ef7f130bc9fb07c16433,,,,,80.60273505448552,"[[281, 41, ""01c45072cc068aa796de17b6ff4ee9614813bce296f2463ccc6e29662fe94cde""], [1114, 11, ""219d730bcc1722f930823104e3ff9a80f8de913a17c3c92642c891e50b176438""], [1284, 108, ""5eef11b6d2893427b5e7489662d009a2a83a97775704c21cd206c2c21c26351f""], [1304, 150, ""7f529362922afa0feb43a839c446edfcc71dfa432b4cd1d5ca1c0d770be2fac4""], [1503, 11, ""67bb8626eec845460f42c2ed6be103f8501d24f81ed48e1c23d6e82b64d0d65e""], [1685, 150, ""917d42736ca5c68ab001f65c8082c750f8a93d4757171bd64853015b2be73e0d""]]af10205197cefd07b3f116784e21b9dedb0eabfae9e4d28798ef8a581322072f",,"S1,S2,S4",,True,False,"S1,S2,S4",completed,471,40.69842661845455,0,rerun_20260911,5.532877305,0.21299425000324845
1789143997.6362371,1789144009.707259,4b,0,combined,one_shot,4.851532500004396,1,174,False,e845fb3f20e6acaec1d3db9831f6b2df52f3d4157747a52c95e1470c5c80d150,fb3ff0c4306762d3b3f99c7fa605d504b90c5b55e2378c457d09f9bb90ac1727,,,,,73.52126224497475,"[[1126, 261, ""6954c8e9c92218be294851241d271521942bb36658fa12349269bc07b0457782""]]e845fb3f20e6acaec1d3db9831f6b2df52f3d4157747a52c95e1470c5c80d150",,"S1,S2,S3,S4,S5,S6",,True,False,,completed,261,53.797434109688744,455344128,rerun_20260911,4.873351152,1.279014250030741
1789143997.6362371,1789144014.559181,4b,0,combined,agentic,12.800873417058028,6,88,False,af10205197cefd07b3f116784e21b9dedb0eabfae9e4d28798ef8a581322072f,786c285d64a47433eae27cb56e28e3f8600f16a2de45ef7f130bc9fb07c16433,,,,,73.947260747258,"[[281, 41, ""01c45072cc068aa796de17b6ff4ee9614813bce296f2463ccc6e29662fe94cde""], [1114, 11, ""219d730bcc1722f930823104e3ff9a80f8de913a17c3c92642c891e50b176438""], [1284, 108, ""5eef11b6d2893427b5e7489662d009a2a83a97775704c21cd206c2c21c26351f""], [1304, 150, ""7f529362922afa0feb43a839c446edfcc71dfa432b4cd1d5ca1c0d770be2fac4""], [1503, 11, ""67bb8626eec845460f42c2ed6be103f8501d24f81ed48e1c23d6e82b64d0d65e""], [1685, 150, ""917d42736ca5c68ab001f65c8082c750f8a93d4757171bd64853015b2be73e0d""]]af10205197cefd07b3f116784e21b9dedb0eabfae9e4d28798ef8a581322072f",,"S1,S2,S4",,True,False,"S1,S2,S4",completed,471,36.79436431051343,455344128,rerun_20260911,5.532877305,0.23763300001155585
1789144243.9775271,1789144254.398913,4b,0,fault,one_shot,5.128599458024837,1,174,False,e845fb3f20e6acaec1d3db9831f6b2df52f3d4157747a52c95e1470c5c80d150,fb3ff0c4306762d3b3f99c7fa605d504b90c5b55e2378c457d09f9bb90ac1727,,,,,69.9736851370293,"[[1126, 261, ""6954c8e9c92218be294851241d271521942bb36658fa12349269bc07b0457782""]]e845fb3f20e6acaec1d3db9831f6b2df52f3d4157747a52c95e1470c5c80d150",,"S1,S2,S3,S4,S5,S6",,True,False,,completed,261,50.8910867647516,0,rerun_20260911,4.873351152,1.3835335409967229
1789144243.9775271,1789144259.5278862,4b,0,fault,agentic,13.812331333057955,6,88,False,af10205197cefd07b3f116784e21b9dedb0eabfae9e4d28798ef8a581322072f,786c285d64a47433eae27cb56e28e3f8600f16a2de45ef7f130bc9fb07c16433,,,,,68.89001931743114,"[[281, 41, ""01c45072cc068aa796de17b6ff4ee9614813bce296f2463ccc6e29662fe94cde""], [1114, 11, ""219d730bcc1722f930823104e3ff9a80f8de913a17c3c92642c891e50b176438""], [1284, 108, ""5eef11b6d2893427b5e7489662d009a2a83a97775704c21cd206c2c21c26351f""], [1304, 150, ""7f529362922afa0feb43a839c446edfcc71dfa432b4cd1d5ca1c0d770be2fac4""], [1503, 11, ""67bb8626eec845460f42c2ed6be103f8501d24f81ed48e1c23d6e82b64d0d65e""], [1685, 150, ""917d42736ca5c68ab001f65c8082c750f8a93d4757171bd64853015b2be73e0d""]]af10205197cefd07b3f116784e21b9dedb0eabfae9e4d28798ef8a581322072f",,"S1,S2,S4",,True,False,"S1,S2,S4",completed,471,34.099963912154706,0,rerun_20260911,5.532877273,0.24598366592545062
1789143961.7414122,1789143972.1439118,4b,0,game,one_shot,4.260337125044316,1,174,False,e845fb3f20e6acaec1d3db9831f6b2df52f3d4157747a52c95e1470c5c80d150,fb3ff0c4306762d3b3f99c7fa605d504b90c5b55e2378c457d09f9bb90ac1727,,,,,76.62818751519882,"[[1126, 261, ""6954c8e9c92218be294851241d271521942bb36658fa12349269bc07b0457782""]]e845fb3f20e6acaec1d3db9831f6b2df52f3d4157747a52c95e1470c5c80d150",,"S1,S2,S3,S4,S5,S6",,True,False,,completed,261,61.26275746248252,0,rerun_20260911,4.873351152,0.8383091669529676
1789143961.7414122,1789143976.4048069,4b,0,game,agentic,12.271186541998759,6,88,False,af10205197cefd07b3f116784e21b9dedb0eabfae9e4d28798ef8a581322072f,786c285d64a47433eae27cb56e28e3f8600f16a2de45ef7f130bc9fb07c16433,,,,,77.11088909795009,"[[281, 41, ""01c45072cc068aa796de17b6ff4ee9614813bce296f2463ccc6e29662fe94cde""], [1114, 11, ""219d730bcc1722f930823104e3ff9a80f8de913a17c3c92642c891e50b176438""], [1284, 108, ""5eef11b6d2893427b5e7489662d009a2a83a97775704c21cd206c2c21c26351f""], [1304, 150, ""7f529362922afa0feb43a839c446edfcc71dfa432b4cd1d5ca1c0d770be2fac4""], [1503, 11, ""67bb8626eec845460f42c2ed6be103f8501d24f81ed48e1c23d6e82b64d0d65e""], [1685, 150, ""917d42736ca5c68ab001f65c8082c750f8a93d4757171bd64853015b2be73e0d""]]af10205197cefd07b3f116784e21b9dedb0eabfae9e4d28798ef8a581322072f",,"S1,S2,S4",,True,False,"S1,S2,S4",completed,471,38.38259636816526,0,rerun_20260911,5.532877313,0.23550070798955858
1789144037.1147032,1789144046.608255,4b,0,gpu,one_shot,24.602835375000723,1,174,False,e845fb3f20e6acaec1d3db9831f6b2df52f3d4157747a52c95e1470c5c80d150,fb3ff0c4306762d3b3f99c7fa605d504b90c5b55e2378c457d09f9bb90ac1727,,,,,12.647732746771284,"[[1126, 261, ""6954c8e9c92218be294851241d271521942bb36658fa12349269bc07b0457782""]]e845fb3f20e6acaec1d3db9831f6b2df52f3d4157747a52c95e1470c5c80d150",,"S1,S2,S3,S4,S5,S6",,True,False,,completed,261,10.608533367060842,0,rerun_20260911,4.873367536,3.9134858339093626
1789144037.1147032,1789144071.211773,4b,0,gpu,agentic,72.2521287080599,6,88,False,af10205197cefd07b3f116784e21b9dedb0eabfae9e4d28798ef8a581322072f,786c285d64a47433eae27cb56e28e3f8600f16a2de45ef7f130bc9fb07c16433,,,,,11.583193049758567,"[[281, 41, ""01c45072cc068aa796de17b6ff4ee9614813bce296f2463ccc6e29662fe94cde""], [1114, 11, ""219d730bcc1722f930823104e3ff9a80f8de913a17c3c92642c891e50b176438""], [1284, 108, ""5eef11b6d2893427b5e7489662d009a2a83a97775704c21cd206c2c21c26351f""], [1304, 150, ""7f529362922afa0feb43a839c446edfcc71dfa432b4cd1d5ca1c0d770be2fac4""], [1503, 11, ""67bb8626eec845460f42c2ed6be103f8501d24f81ed48e1c23d6e82b64d0d65e""], [1685, 150, ""917d42736ca5c68ab001f65c8082c750f8a93d4757171bd64853015b2be73e0d""]]af10205197cefd07b3f116784e21b9dedb0eabfae9e4d28798ef8a581322072f",,"S1,S2,S4",,True,False,"S1,S2,S4",completed,471,6.518839076743476,0,rerun_20260911,5.636844297,1.3180881249718368
1789143854.752898,1789143865.610553,4b,0,quiet,one_shot,4.107774500036612,1,174,False,e845fb3f20e6acaec1d3db9831f6b2df52f3d4157747a52c95e1470c5c80d150,fb3ff0c4306762d3b3f99c7fa605d504b90c5b55e2378c457d09f9bb90ac1727,,,,,84.36066299511162,"[[1126, 261, ""6954c8e9c92218be294851241d271521942bb36658fa12349269bc07b0457782""]]e845fb3f20e6acaec1d3db9831f6b2df52f3d4157747a52c95e1470c5c80d150",,"S1,S2,S3,S4,S5,S6",,True,False,,completed,261,63.53805448611499,0,rerun_20260911,4.873351152,0.9944034590153024
1789143854.752898,1789143869.718664,4b,0,quiet,agentic,11.232161124935374,6,88,False,af10205197cefd07b3f116784e21b9dedb0eabfae9e4d28798ef8a581322072f,786c285d64a47433eae27cb56e28e3f8600f16a2de45ef7f130bc9fb07c16433,,,,,85.02672140970168,"[[281, 41, ""01c45072cc068aa796de17b6ff4ee9614813bce296f2463ccc6e29662fe94cde""], [1114, 11, ""219d730bcc1722f930823104e3ff9a80f8de913a17c3c92642c891e50b176438""], [1284, 108, ""5eef11b6d2893427b5e7489662d009a2a83a97775704c21cd206c2c21c26351f""], [1304, 150, ""7f529362922afa0feb43a839c446edfcc71dfa432b4cd1d5ca1c0d770be2fac4""], [1503, 11, ""67bb8626eec845460f42c2ed6be103f8501d24f81ed48e1c23d6e82b64d0d65e""], [1685, 150, ""917d42736ca5c68ab001f65c8082c750f8a93d4757171bd64853015b2be73e0d""]]af10205197cefd07b3f116784e21b9dedb0eabfae9e4d28798ef8a581322072f",,"S1,S2,S4",,True,False,"S1,S2,S4",completed,471,41.93315914551662,0,rerun_20260911,5.532877305,0.2646926249144599
1789143889.994942,1789143901.060438,4b,0,video,one_shot,3.9178390000015497,1,174,False,e845fb3f20e6acaec1d3db9831f6b2df52f3d4157747a52c95e1470c5c80d150,fb3ff0c4306762d3b3f99c7fa605d504b90c5b55e2378c457d09f9bb90ac1727,,,,,83.45772606071121,"[[1126, 261, ""6954c8e9c92218be294851241d271521942bb36658fa12349269bc07b0457782""]]e845fb3f20e6acaec1d3db9831f6b2df52f3d4157747a52c95e1470c5c80d150",,"S1,S2,S3,S4,S5,S6",,True,False,,completed,261,66.61835772217714,0,rerun_20260911,4.873351152,0.7765404171077535
1789143889.994942,1789143904.978663,4b,0,video,agentic,11.30674450006336,6,88,False,af10205197cefd07b3f116784e21b9dedb0eabfae9e4d28798ef8a581322072f,786c285d64a47433eae27cb56e28e3f8600f16a2de45ef7f130bc9fb07c16433,,,,,83.80542026819853,"[[281, 41, ""01c45072cc068aa796de17b6ff4ee9614813bce296f2463ccc6e29662fe94cde""], [1114, 11, ""219d730bcc1722f930823104e3ff9a80f8de913a17c3c92642c891e50b176438""], [1284, 108, ""5eef11b6d2893427b5e7489662d009a2a83a97775704c21cd206c2c21c26351f""], [1304, 150, ""7f529362922afa0feb43a839c446edfcc71dfa432b4cd1d5ca1c0d770be2fac4""], [1503, 11, ""67bb8626eec845460f42c2ed6be103f8501d24f81ed48e1c23d6e82b64d0d65e""], [1685, 150, ""917d42736ca5c68ab001f65c8082c750f8a93d4757171bd64853015b2be73e0d""]]af10205197cefd07b3f116784e21b9dedb0eabfae9e4d28798ef8a581322072f",,"S1,S2,S4",,True,False,"S1,S2,S4",completed,471,41.65655286518243,0,rerun_20260911,5.532877313,0.21831249992828816
1789144582.03163,1789144607.1907,4b,1,browser,one_shot,4.663073500036262,1,174,False,e845fb3f20e6acaec1d3db9831f6b2df52f3d4157747a52c95e1470c5c80d150,fb3ff0c4306762d3b3f99c7fa605d504b90c5b55e2378c457d09f9bb90ac1727,,,,,67.86623928147019,"[[1126, 261, ""6954c8e9c92218be294851241d271521942bb36658fa12349269bc07b0457782""]]e845fb3f20e6acaec1d3db9831f6b2df52f3d4157747a52c95e1470c5c80d150",,"S1,S2,S3,S4,S5,S6",,True,False,,completed,261,55.97166761321055,0,rerun_20260911,4.873351152,0.8047467089490965
1789144582.03163,1789144593.090882,4b,1,browser,agentic,14.097910666023381,6,88,False,af10205197cefd07b3f116784e21b9dedb0eabfae9e4d28798ef8a581322072f,786c285d64a47433eae27cb56e28e3f8600f16a2de45ef7f130bc9fb07c16433,,,,,67.81277333245586,"[[281, 41, ""01c45072cc068aa796de17b6ff4ee9614813bce296f2463ccc6e29662fe94cde""], [1114, 11, ""219d730bcc1722f930823104e3ff9a80f8de913a17c3c92642c891e50b176438""], [1284, 108, ""5eef11b6d2893427b5e7489662d009a2a83a97775704c21cd206c2c21c26351f""], [1304, 150, ""7f529362922afa0feb43a839c446edfcc71dfa432b4cd1d5ca1c0d770be2fac4""], [1503, 11, ""67bb8626eec845460f42c2ed6be103f8501d24f81ed48e1c23d6e82b64d0d65e""], [1685, 150, ""917d42736ca5c68ab001f65c8082c750f8a93d4757171bd64853015b2be73e0d""]]af10205197cefd07b3f116784e21b9dedb0eabfae9e4d28798ef8a581322072f",,"S1,S2,S4",,True,False,"S1,S2,S4",completed,471,33.409205885743894,0,rerun_20260911,5.532877313,0.7170521670486778
1789144502.4613912,1789144529.6187599,4b,1,combined,one_shot,5.131648499984294,1,174,False,e845fb3f20e6acaec1d3db9831f6b2df52f3d4157747a52c95e1470c5c80d150,fb3ff0c4306762d3b3f99c7fa605d504b90c5b55e2378c457d09f9bb90ac1727,,,,,61.42392603760132,"[[1126, 261, ""6954c8e9c92218be294851241d271521942bb36658fa12349269bc07b0457782""]]e845fb3f20e6acaec1d3db9831f6b2df52f3d4157747a52c95e1470c5c80d150",,"S1,S2,S3,S4,S5,S6",,True,False,,completed,261,50.86084910157015,0,rerun_20260911,4.873351152,0.8649874170077965
1789144502.4613912,1789144514.255033,4b,1,combined,agentic,15.36333129205741,6,88,False,af10205197cefd07b3f116784e21b9dedb0eabfae9e4d28798ef8a581322072f,786c285d64a47433eae27cb56e28e3f8600f16a2de45ef7f130bc9fb07c16433,,,,,62.46799441173235,"[[281, 41, ""01c45072cc068aa796de17b6ff4ee9614813bce296f2463ccc6e29662fe94cde""], [1114, 11, ""219d730bcc1722f930823104e3ff9a80f8de913a17c3c92642c891e50b176438""], [1284, 108, ""5eef11b6d2893427b5e7489662d009a2a83a97775704c21cd206c2c21c26351f""], [1304, 150, ""7f529362922afa0feb43a839c446edfcc71dfa432b4cd1d5ca1c0d770be2fac4""], [1503, 11, ""67bb8626eec845460f42c2ed6be103f8501d24f81ed48e1c23d6e82b64d0d65e""], [1685, 150, ""917d42736ca5c68ab001f65c8082c750f8a93d4757171bd64853015b2be73e0d""]]af10205197cefd07b3f116784e21b9dedb0eabfae9e4d28798ef8a581322072f",,"S1,S2,S4",,True,False,"S1,S2,S4",completed,471,30.6574134897097,0,rerun_20260911,5.532877321,0.7649095420492813
1789144282.679629,1789144305.949086,4b,1,fault,one_shot,4.332683457992971,1,174,False,e845fb3f20e6acaec1d3db9831f6b2df52f3d4157747a52c95e1470c5c80d150,fb3ff0c4306762d3b3f99c7fa605d504b90c5b55e2378c457d09f9bb90ac1727,,,,,72.94258079054241,"[[1126, 261, ""6954c8e9c92218be294851241d271521942bb36658fa12349269bc07b0457782""]]e845fb3f20e6acaec1d3db9831f6b2df52f3d4157747a52c95e1470c5c80d150",,"S1,S2,S3,S4,S5,S6",,True,False,,completed,261,60.23980346833439,0,rerun_20260911,4.873351152,0.7436618329957128
1789144282.679629,1789144292.5216188,4b,1,fault,agentic,13.427106749964878,6,88,False,af10205197cefd07b3f116784e21b9dedb0eabfae9e4d28798ef8a581322072f,786c285d64a47433eae27cb56e28e3f8600f16a2de45ef7f130bc9fb07c16433,,,,,72.05610462130674,"[[281, 41, ""01c45072cc068aa796de17b6ff4ee9614813bce296f2463ccc6e29662fe94cde""], [1114, 11, ""219d730bcc1722f930823104e3ff9a80f8de913a17c3c92642c891e50b176438""], [1284, 108, ""5eef11b6d2893427b5e7489662d009a2a83a97775704c21cd206c2c21c26351f""], [1304, 150, ""7f529362922afa0feb43a839c446edfcc71dfa432b4cd1d5ca1c0d770be2fac4""], [1503, 11, ""67bb8626eec845460f42c2ed6be103f8501d24f81ed48e1c23d6e82b64d0d65e""], [1685, 150, ""917d42736ca5c68ab001f65c8082c750f8a93d4757171bd64853015b2be73e0d""]]af10205197cefd07b3f116784e21b9dedb0eabfae9e4d28798ef8a581322072f",,"S1,S2,S4",,True,False,"S1,S2,S4",completed,471,35.078294138179245,0,rerun_20260911,5.532877305,0.7847456249874085
1789144543.4126751,1789144568.006597,4b,1,game,one_shot,4.964325999957509,1,174,False,e845fb3f20e6acaec1d3db9831f6b2df52f3d4157747a52c95e1470c5c80d150,fb3ff0c4306762d3b3f99c7fa605d504b90c5b55e2378c457d09f9bb90ac1727,,,,,63.549142935838525,"[[1126, 261, ""6954c8e9c92218be294851241d271521942bb36658fa12349269bc07b0457782""]]e845fb3f20e6acaec1d3db9831f6b2df52f3d4157747a52c95e1470c5c80d150",,"S1,S2,S3,S4,S5,S6",,True,False,,completed,261,52.57511291608044,0,rerun_20260911,4.873351152,0.8458625830244273
1789144543.4126751,1789144553.456208,4b,1,game,agentic,14.548682250082493,6,88,False,af10205197cefd07b3f116784e21b9dedb0eabfae9e4d28798ef8a581322072f,786c285d64a47433eae27cb56e28e3f8600f16a2de45ef7f130bc9fb07c16433,,,,,64.82864013385344,"[[281, 41, ""01c45072cc068aa796de17b6ff4ee9614813bce296f2463ccc6e29662fe94cde""], [1114, 11, ""219d730bcc1722f930823104e3ff9a80f8de913a17c3c92642c891e50b176438""], [1284, 108, ""5eef11b6d2893427b5e7489662d009a2a83a97775704c21cd206c2c21c26351f""], [1304, 150, ""7f529362922afa0feb43a839c446edfcc71dfa432b4cd1d5ca1c0d770be2fac4""], [1503, 11, ""67bb8626eec845460f42c2ed6be103f8501d24f81ed48e1c23d6e82b64d0d65e""], [1685, 150, ""917d42736ca5c68ab001f65c8082c750f8a93d4757171bd64853015b2be73e0d""]]af10205197cefd07b3f116784e21b9dedb0eabfae9e4d28798ef8a581322072f",,"S1,S2,S4",,True,False,"S1,S2,S4",completed,471,32.37406604280806,0,rerun_20260911,5.532877321,0.35173599992413074
1789144319.0875862,1789144392.1219919,4b,1,gpu,one_shot,24.167527084005997,1,174,False,e845fb3f20e6acaec1d3db9831f6b2df52f3d4157747a52c95e1470c5c80d150,fb3ff0c4306762d3b3f99c7fa605d504b90c5b55e2378c457d09f9bb90ac1727,,,,,12.64378337263535,"[[1126, 261, ""6954c8e9c92218be294851241d271521942bb36658fa12349269bc07b0457782""]]e845fb3f20e6acaec1d3db9831f6b2df52f3d4157747a52c95e1470c5c80d150",,"S1,S2,S3,S4,S5,S6",,True,False,,completed,261,10.799615496147684,0,rerun_20260911,4.873367536,3.472653542063199
1789144319.0875862,1789144328.678726,4b,1,gpu,agentic,63.44180683395825,6,88,False,af10205197cefd07b3f116784e21b9dedb0eabfae9e4d28798ef8a581322072f,786c285d64a47433eae27cb56e28e3f8600f16a2de45ef7f130bc9fb07c16433,,,,,12.42029489411997,"[[281, 41, ""01c45072cc068aa796de17b6ff4ee9614813bce296f2463ccc6e29662fe94cde""], [1114, 11, ""219d730bcc1722f930823104e3ff9a80f8de913a17c3c92642c891e50b176438""], [1284, 108, ""5eef11b6d2893427b5e7489662d009a2a83a97775704c21cd206c2c21c26351f""], [1304, 150, ""7f529362922afa0feb43a839c446edfcc71dfa432b4cd1d5ca1c0d770be2fac4""], [1503, 11, ""67bb8626eec845460f42c2ed6be103f8501d24f81ed48e1c23d6e82b64d0d65e""], [1685, 150, ""917d42736ca5c68ab001f65c8082c750f8a93d4757171bd64853015b2be73e0d""]]af10205197cefd07b3f116784e21b9dedb0eabfae9e4d28798ef8a581322072f",,"S1,S2,S4",,True,False,"S1,S2,S4",completed,471,7.424126510657475,0,rerun_20260911,5.636844297,1.0354935419745743
1789144657.951209,1789144680.4567611,4b,1,quiet,one_shot,4.262318875058554,1,174,False,e845fb3f20e6acaec1d3db9831f6b2df52f3d4157747a52c95e1470c5c80d150,fb3ff0c4306762d3b3f99c7fa605d504b90c5b55e2378c457d09f9bb90ac1727,,,,,74.36929813191622,"[[1126, 261, ""6954c8e9c92218be294851241d271521942bb36658fa12349269bc07b0457782""]]e845fb3f20e6acaec1d3db9831f6b2df52f3d4157747a52c95e1470c5c80d150",,"S1,S2,S3,S4,S5,S6",,True,False,,completed,261,61.234273561105745,0,rerun_20260911,4.873351152,0.7400748329237103
1789144657.951209,1789144667.8320699,4b,1,quiet,agentic,12.624380999943241,6,88,False,af10205197cefd07b3f116784e21b9dedb0eabfae9e4d28798ef8a581322072f,786c285d64a47433eae27cb56e28e3f8600f16a2de45ef7f130bc9fb07c16433,,,,,74.78798162212604,"[[281, 41, ""01c45072cc068aa796de17b6ff4ee9614813bce296f2463ccc6e29662fe94cde""], [1114, 11, ""219d730bcc1722f930823104e3ff9a80f8de913a17c3c92642c891e50b176438""], [1284, 108, ""5eef11b6d2893427b5e7489662d009a2a83a97775704c21cd206c2c21c26351f""], [1304, 150, ""7f529362922afa0feb43a839c446edfcc71dfa432b4cd1d5ca1c0d770be2fac4""], [1503, 11, ""67bb8626eec845460f42c2ed6be103f8501d24f81ed48e1c23d6e82b64d0d65e""], [1685, 150, ""917d42736ca5c68ab001f65c8082c750f8a93d4757171bd64853015b2be73e0d""]]af10205197cefd07b3f116784e21b9dedb0eabfae9e4d28798ef8a581322072f",,"S1,S2,S4",,True,False,"S1,S2,S4",completed,471,37.308759930654624,0,rerun_20260911,5.532877313,0.30518737505190074
1789144621.10383,1789144644.65842,4b,1,video,one_shot,4.306134416954592,1,174,False,e845fb3f20e6acaec1d3db9831f6b2df52f3d4157747a52c95e1470c5c80d150,fb3ff0c4306762d3b3f99c7fa605d504b90c5b55e2378c457d09f9bb90ac1727,,,,,73.68876350779537,"[[1126, 261, ""6954c8e9c92218be294851241d271521942bb36658fa12349269bc07b0457782""]]e845fb3f20e6acaec1d3db9831f6b2df52f3d4157747a52c95e1470c5c80d150",,"S1,S2,S3,S4,S5,S6",,True,False,,completed,261,60.611205951296306,0,rerun_20260911,4.873351152,0.7521523339673877
1789144621.10383,1789144631.573618,4b,1,video,agentic,13.084114874945953,6,88,False,af10205197cefd07b3f116784e21b9dedb0eabfae9e4d28798ef8a581322072f,786c285d64a47433eae27cb56e28e3f8600f16a2de45ef7f130bc9fb07c16433,,,,,72.29325366803047,"[[281, 41, ""01c45072cc068aa796de17b6ff4ee9614813bce296f2463ccc6e29662fe94cde""], [1114, 11, ""219d730bcc1722f930823104e3ff9a80f8de913a17c3c92642c891e50b176438""], [1284, 108, ""5eef11b6d2893427b5e7489662d009a2a83a97775704c21cd206c2c21c26351f""], [1304, 150, ""7f529362922afa0feb43a839c446edfcc71dfa432b4cd1d5ca1c0d770be2fac4""], [1503, 11, ""67bb8626eec845460f42c2ed6be103f8501d24f81ed48e1c23d6e82b64d0d65e""], [1685, 150, ""917d42736ca5c68ab001f65c8082c750f8a93d4757171bd64853015b2be73e0d""]]af10205197cefd07b3f116784e21b9dedb0eabfae9e4d28798ef8a581322072f",,"S1,S2,S4",,True,False,"S1,S2,S4",completed,471,35.997849644525196,0,rerun_20260911,5.532877305,0.35635812499094754
1789144764.632458,1789144775.335499,4b,2,browser,one_shot,5.074946834007278,1,174,False,e845fb3f20e6acaec1d3db9831f6b2df52f3d4157747a52c95e1470c5c80d150,fb3ff0c4306762d3b3f99c7fa605d504b90c5b55e2378c457d09f9bb90ac1727,,,,,68.32557841099617,"[[1126, 261, ""6954c8e9c92218be294851241d271521942bb36658fa12349269bc07b0457782""]]e845fb3f20e6acaec1d3db9831f6b2df52f3d4157747a52c95e1470c5c80d150",,"S1,S2,S3,S4,S5,S6",,True,False,,completed,261,51.429110202896304,0,rerun_20260911,4.873351152,1.2293437089538202
1789144764.632458,1789144780.4108732,4b,2,browser,agentic,13.59548433299642,6,88,False,af10205197cefd07b3f116784e21b9dedb0eabfae9e4d28798ef8a581322072f,786c285d64a47433eae27cb56e28e3f8600f16a2de45ef7f130bc9fb07c16433,,,,,67.94161209741102,"[[281, 41, ""01c45072cc068aa796de17b6ff4ee9614813bce296f2463ccc6e29662fe94cde""], [1114, 11, ""219d730bcc1722f930823104e3ff9a80f8de913a17c3c92642c891e50b176438""], [1284, 108, ""5eef11b6d2893427b5e7489662d009a2a83a97775704c21cd206c2c21c26351f""], [1304, 150, ""7f529362922afa0feb43a839c446edfcc71dfa432b4cd1d5ca1c0d770be2fac4""], [1503, 11, ""67bb8626eec845460f42c2ed6be103f8501d24f81ed48e1c23d6e82b64d0d65e""], [1685, 150, ""917d42736ca5c68ab001f65c8082c750f8a93d4757171bd64853015b2be73e0d""]]af10205197cefd07b3f116784e21b9dedb0eabfae9e4d28798ef8a581322072f",,"S1,S2,S4",,True,False,"S1,S2,S4",completed,471,34.643855890950256,0,rerun_20260911,5.532877321,0.2499820840312168
1789144842.428509,1789144853.6530821,4b,2,combined,one_shot,5.616481584031135,1,174,False,e845fb3f20e6acaec1d3db9831f6b2df52f3d4157747a52c95e1470c5c80d150,fb3ff0c4306762d3b3f99c7fa605d504b90c5b55e2378c457d09f9bb90ac1727,,,,,61.82699907903312,"[[1126, 261, ""6954c8e9c92218be294851241d271521942bb36658fa12349269bc07b0457782""]]e845fb3f20e6acaec1d3db9831f6b2df52f3d4157747a52c95e1470c5c80d150",,"S1,S2,S3,S4,S5,S6",,True,False,,completed,261,46.470374040231725,0,rerun_20260911,4.873351152,1.3730800839839503
1789144842.428509,1789144859.270546,4b,2,combined,agentic,14.916552290902473,6,88,False,af10205197cefd07b3f116784e21b9dedb0eabfae9e4d28798ef8a581322072f,786c285d64a47433eae27cb56e28e3f8600f16a2de45ef7f130bc9fb07c16433,,,,,62.0875761008694,"[[281, 41, ""01c45072cc068aa796de17b6ff4ee9614813bce296f2463ccc6e29662fe94cde""], [1114, 11, ""219d730bcc1722f930823104e3ff9a80f8de913a17c3c92642c891e50b176438""], [1284, 108, ""5eef11b6d2893427b5e7489662d009a2a83a97775704c21cd206c2c21c26351f""], [1304, 150, ""7f529362922afa0feb43a839c446edfcc71dfa432b4cd1d5ca1c0d770be2fac4""], [1503, 11, ""67bb8626eec845460f42c2ed6be103f8501d24f81ed48e1c23d6e82b64d0d65e""], [1685, 150, ""917d42736ca5c68ab001f65c8082c750f8a93d4757171bd64853015b2be73e0d""]]af10205197cefd07b3f116784e21b9dedb0eabfae9e4d28798ef8a581322072f",,"S1,S2,S4",,True,False,"S1,S2,S4",completed,471,31.575661105499588,0,rerun_20260911,5.532877321,0.2721152090234682
1789145063.1601121,1789145072.46992,4b,2,fault,one_shot,4.967312082997523,1,174,False,e845fb3f20e6acaec1d3db9831f6b2df52f3d4157747a52c95e1470c5c80d150,fb3ff0c4306762d3b3f99c7fa605d504b90c5b55e2378c457d09f9bb90ac1727,,,,,70.02730192827565,"[[1126, 261, ""6954c8e9c92218be294851241d271521942bb36658fa12349269bc07b0457782""]]e845fb3f20e6acaec1d3db9831f6b2df52f3d4157747a52c95e1470c5c80d150",,"S1,S2,S3,S4,S5,S6",,True,False,,completed,261,52.54350756284667,0,rerun_20260911,4.873351152,1.2196110000368208
1789145063.1601121,1789145077.437514,4b,2,fault,agentic,13.253927250043489,6,88,False,af10205197cefd07b3f116784e21b9dedb0eabfae9e4d28798ef8a581322072f,786c285d64a47433eae27cb56e28e3f8600f16a2de45ef7f130bc9fb07c16433,,,,,70.25824049419079,"[[281, 41, ""01c45072cc068aa796de17b6ff4ee9614813bce296f2463ccc6e29662fe94cde""], [1114, 11, ""219d730bcc1722f930823104e3ff9a80f8de913a17c3c92642c891e50b176438""], [1284, 108, ""5eef11b6d2893427b5e7489662d009a2a83a97775704c21cd206c2c21c26351f""], [1304, 150, ""7f529362922afa0feb43a839c446edfcc71dfa432b4cd1d5ca1c0d770be2fac4""], [1503, 11, ""67bb8626eec845460f42c2ed6be103f8501d24f81ed48e1c23d6e82b64d0d65e""], [1685, 150, ""917d42736ca5c68ab001f65c8082c750f8a93d4757171bd64853015b2be73e0d""]]af10205197cefd07b3f116784e21b9dedb0eabfae9e4d28798ef8a581322072f",,"S1,S2,S4",,True,False,"S1,S2,S4",completed,471,35.53663688613158,0,rerun_20260911,5.532877313,0.2461655419319868
1789144803.2736452,1789144813.721919,4b,2,game,one_shot,5.021842792048119,1,174,False,e845fb3f20e6acaec1d3db9831f6b2df52f3d4157747a52c95e1470c5c80d150,fb3ff0c4306762d3b3f99c7fa605d504b90c5b55e2378c457d09f9bb90ac1727,,,,,64.11077425251715,"[[1126, 261, ""6954c8e9c92218be294851241d271521942bb36658fa12349269bc07b0457782""]]e845fb3f20e6acaec1d3db9831f6b2df52f3d4157747a52c95e1470c5c80d150",,"S1,S2,S3,S4,S5,S6",,True,False,,completed,261,51.97295311858084,0,rerun_20260911,4.873351152,0.9294339579064399
1789144803.2736452,1789144818.744222,4b,2,game,agentic,14.534838084015064,6,88,False,af10205197cefd07b3f116784e21b9dedb0eabfae9e4d28798ef8a581322072f,786c285d64a47433eae27cb56e28e3f8600f16a2de45ef7f130bc9fb07c16433,,,,,64.44575373129699,"[[281, 41, ""01c45072cc068aa796de17b6ff4ee9614813bce296f2463ccc6e29662fe94cde""], [1114, 11, ""219d730bcc1722f930823104e3ff9a80f8de913a17c3c92642c891e50b176438""], [1284, 108, ""5eef11b6d2893427b5e7489662d009a2a83a97775704c21cd206c2c21c26351f""], [1304, 150, ""7f529362922afa0feb43a839c446edfcc71dfa432b4cd1d5ca1c0d770be2fac4""], [1503, 11, ""67bb8626eec845460f42c2ed6be103f8501d24f81ed48e1c23d6e82b64d0d65e""], [1685, 150, ""917d42736ca5c68ab001f65c8082c750f8a93d4757171bd64853015b2be73e0d""]]af10205197cefd07b3f116784e21b9dedb0eabfae9e4d28798ef8a581322072f",,"S1,S2,S4",,True,False,"S1,S2,S4",completed,471,32.40490174555094,0,rerun_20260911,5.532877321,0.2723235000157729
1789144882.844699,1789144892.259728,4b,2,gpu,one_shot,25.211152250063606,1,174,False,e845fb3f20e6acaec1d3db9831f6b2df52f3d4157747a52c95e1470c5c80d150,fb3ff0c4306762d3b3f99c7fa605d504b90c5b55e2378c457d09f9bb90ac1727,,,,,11.940600453651438,"[[1126, 261, ""6954c8e9c92218be294851241d271521942bb36658fa12349269bc07b0457782""]]e845fb3f20e6acaec1d3db9831f6b2df52f3d4157747a52c95e1470c5c80d150",,"S1,S2,S3,S4,S5,S6",,True,False,,completed,261,10.35256133520599,0,rerun_20260911,4.873367536,3.297035833937116
1789144882.844699,1789144917.4709718,4b,2,gpu,agentic,63.50984483293723,6,88,False,af10205197cefd07b3f116784e21b9dedb0eabfae9e4d28798ef8a581322072f,786c285d64a47433eae27cb56e28e3f8600f16a2de45ef7f130bc9fb07c16433,,,,,12.382675342450552,"[[281, 41, ""01c45072cc068aa796de17b6ff4ee9614813bce296f2463ccc6e29662fe94cde""], [1114, 11, ""219d730bcc1722f930823104e3ff9a80f8de913a17c3c92642c891e50b176438""], [1284, 108, ""5eef11b6d2893427b5e7489662d009a2a83a97775704c21cd206c2c21c26351f""], [1304, 150, ""7f529362922afa0feb43a839c446edfcc71dfa432b4cd1d5ca1c0d770be2fac4""], [1503, 11, ""67bb8626eec845460f42c2ed6be103f8501d24f81ed48e1c23d6e82b64d0d65e""], [1685, 150, ""917d42736ca5c68ab001f65c8082c750f8a93d4757171bd64853015b2be73e0d""]]af10205197cefd07b3f116784e21b9dedb0eabfae9e4d28798ef8a581322072f",,"S1,S2,S4",,True,False,"S1,S2,S4",completed,471,7.416173055358054,0,rerun_20260911,5.636844297,1.0479835419682786
1789144693.4366322,1789144703.591156,4b,2,quiet,one_shot,4.347566458047368,1,174,False,e845fb3f20e6acaec1d3db9831f6b2df52f3d4157747a52c95e1470c5c80d150,fb3ff0c4306762d3b3f99c7fa605d504b90c5b55e2378c457d09f9bb90ac1727,,,,,74.1575377034403,"[[1126, 261, ""6954c8e9c92218be294851241d271521942bb36658fa12349269bc07b0457782""]]e845fb3f20e6acaec1d3db9831f6b2df52f3d4157747a52c95e1470c5c80d150",,"S1,S2,S3,S4,S5,S6",,True,False,,completed,261,60.03358488445592,0,rerun_20260911,4.873351152,0.8137252499582246
1789144693.4366322,1789144707.938984,4b,2,quiet,agentic,12.548474041977897,6,88,False,af10205197cefd07b3f116784e21b9dedb0eabfae9e4d28798ef8a581322072f,786c285d64a47433eae27cb56e28e3f8600f16a2de45ef7f130bc9fb07c16433,,,,,74.88027156193017,"[[281, 41, ""01c45072cc068aa796de17b6ff4ee9614813bce296f2463ccc6e29662fe94cde""], [1114, 11, ""219d730bcc1722f930823104e3ff9a80f8de913a17c3c92642c891e50b176438""], [1284, 108, ""5eef11b6d2893427b5e7489662d009a2a83a97775704c21cd206c2c21c26351f""], [1304, 150, ""7f529362922afa0feb43a839c446edfcc71dfa432b4cd1d5ca1c0d770be2fac4""], [1503, 11, ""67bb8626eec845460f42c2ed6be103f8501d24f81ed48e1c23d6e82b64d0d65e""], [1685, 150, ""917d42736ca5c68ab001f65c8082c750f8a93d4757171bd64853015b2be73e0d""]]af10205197cefd07b3f116784e21b9dedb0eabfae9e4d28798ef8a581322072f",,"S1,S2,S4",,True,False,"S1,S2,S4",completed,471,37.53444430170417,0,rerun_20260911,5.532877321,0.23423491697758436
1789144728.9447758,1789144739.238018,4b,2,video,one_shot,4.400610959040932,1,174,False,e845fb3f20e6acaec1d3db9831f6b2df52f3d4157747a52c95e1470c5c80d150,fb3ff0c4306762d3b3f99c7fa605d504b90c5b55e2378c457d09f9bb90ac1727,,,,,74.05748461039776,"[[1126, 261, ""6954c8e9c92218be294851241d271521942bb36658fa12349269bc07b0457782""]]e845fb3f20e6acaec1d3db9831f6b2df52f3d4157747a52c95e1470c5c80d150",,"S1,S2,S3,S4,S5,S6",,True,False,,completed,261,59.309946375464705,0,rerun_20260911,4.873351152,0.8597814999520779
1789144728.9447758,1789144743.639168,4b,2,video,agentic,12.627517041983083,6,88,False,af10205197cefd07b3f116784e21b9dedb0eabfae9e4d28798ef8a581322072f,786c285d64a47433eae27cb56e28e3f8600f16a2de45ef7f130bc9fb07c16433,,,,,74.29556448698997,"[[281, 41, ""01c45072cc068aa796de17b6ff4ee9614813bce296f2463ccc6e29662fe94cde""], [1114, 11, ""219d730bcc1722f930823104e3ff9a80f8de913a17c3c92642c891e50b176438""], [1284, 108, ""5eef11b6d2893427b5e7489662d009a2a83a97775704c21cd206c2c21c26351f""], [1304, 150, ""7f529362922afa0feb43a839c446edfcc71dfa432b4cd1d5ca1c0d770be2fac4""], [1503, 11, ""67bb8626eec845460f42c2ed6be103f8501d24f81ed48e1c23d6e82b64d0d65e""], [1685, 150, ""917d42736ca5c68ab001f65c8082c750f8a93d4757171bd64853015b2be73e0d""]]af10205197cefd07b3f116784e21b9dedb0eabfae9e4d28798ef8a581322072f",,"S1,S2,S4",,True,False,"S1,S2,S4",completed,471,37.29949430549586,0,rerun_20260911,5.532877321,0.24380512500647455
1789153325.7362251,1789153340.7032802,9b,0,browser,one_shot,8.993879083078355,1,176,False,2dbbcc00c9bea47fb2e2862bbbb61b370245464c50375f0bc115c1a164625934,fb3ff0c4306762d3b3f99c7fa605d504b90c5b55e2378c457d09f9bb90ac1727,,,,,40.011108282305926,"[[1126, 263, ""6954c8e9c92218be294851241d271521942bb36658fa12349269bc07b0457782""]]2dbbcc00c9bea47fb2e2862bbbb61b370245464c50375f0bc115c1a164625934",,"S1,S2,S3,S4,S5,S6",,True,False,,completed,263,29.24210983610227,1221066752,paging_9b_allcases_20260911,8.270123404,2.3940299169626087
1789153325.7362251,1789153349.69759,9b,0,browser,agentic,13.71113145898562,4,162,False,0d4cf6fe7c9587b04192f7edff258fd88b85330f067512c72a25ca96e4efd395,290f4977591fa5bbbb87504c843858738463bc082c4137bd36aed120390b098d,,,,,39.95942472622011,"[[281, 11, ""01c45072cc068aa796de17b6ff4ee9614813bce296f2463ccc6e29662fe94cde""], [1114, 11, ""219d730bcc1722f930823104e3ff9a80f8de913a17c3c92642c891e50b176438""], [1284, 11, ""5eef11b6d2893427b5e7489662d009a2a83a97775704c21cd206c2c21c26351f""], [1466, 230, ""76742334ce9c2cfb8ff95d8a7e7a79b5c9646446e9ab42bba11454f1d0455908""]]0d4cf6fe7c9587b04192f7edff258fd88b85330f067512c72a25ca96e4efd395",,"S1,S2,S4,S5",S5,False,False,"S1,S2,S4",completed,263,19.181495034652475,1221066752,paging_9b_allcases_20260911,9.39361877,0.42261320899706334
1789153414.672943,1789153429.3288472,9b,0,combined,one_shot,9.116869499906898,1,176,False,2dbbcc00c9bea47fb2e2862bbbb61b370245464c50375f0bc115c1a164625934,fb3ff0c4306762d3b3f99c7fa605d504b90c5b55e2378c457d09f9bb90ac1727,,,,,40.05232488699163,"[[1126, 263, ""6954c8e9c92218be294851241d271521942bb36658fa12349269bc07b0457782""]]2dbbcc00c9bea47fb2e2862bbbb61b370245464c50375f0bc115c1a164625934",,"S1,S2,S3,S4,S5,S6",,True,False,,completed,263,28.847621434384443,1205993472,paging_9b_allcases_20260911,8.270123404,2.525990292080678
1789153414.672943,1789153438.446392,9b,0,combined,agentic,13.391850874992087,4,162,False,0d4cf6fe7c9587b04192f7edff258fd88b85330f067512c72a25ca96e4efd395,290f4977591fa5bbbb87504c843858738463bc082c4137bd36aed120390b098d,,,,,40.95259659296193,"[[281, 11, ""01c45072cc068aa796de17b6ff4ee9614813bce296f2463ccc6e29662fe94cde""], [1114, 11, ""219d730bcc1722f930823104e3ff9a80f8de913a17c3c92642c891e50b176438""], [1284, 11, ""5eef11b6d2893427b5e7489662d009a2a83a97775704c21cd206c2c21c26351f""], [1466, 230, ""76742334ce9c2cfb8ff95d8a7e7a79b5c9646446e9ab42bba11454f1d0455908""]]0d4cf6fe7c9587b04192f7edff258fd88b85330f067512c72a25ca96e4efd395",,"S1,S2,S4,S5",S5,False,False,"S1,S2,S4",completed,263,19.63880888870452,1205993472,paging_9b_allcases_20260911,9.393618818,0.42390379100106657
1789153571.539339,1789153583.1739829,9b,0,fault,one_shot,7.817192416987382,1,176,False,2dbbcc00c9bea47fb2e2862bbbb61b370245464c50375f0bc115c1a164625934,fb3ff0c4306762d3b3f99c7fa605d504b90c5b55e2378c457d09f9bb90ac1727,,,,,47.518755701553054,"[[1126, 263, ""6954c8e9c92218be294851241d271521942bb36658fa12349269bc07b0457782""]]2dbbcc00c9bea47fb2e2862bbbb61b370245464c50375f0bc115c1a164625934",,"S1,S2,S3,S4,S5,S6",,True,False,,completed,263,33.643792549928804,0,paging_9b_allcases_20260911,8.270123404,2.2633006249088794
1789153571.539339,1789153590.991694,9b,0,fault,agentic,12.862014165963046,4,162,False,0d4cf6fe7c9587b04192f7edff258fd88b85330f067512c72a25ca96e4efd395,290f4977591fa5bbbb87504c843858738463bc082c4137bd36aed120390b098d,,,,,48.53236198760611,"[[281, 11, ""01c45072cc068aa796de17b6ff4ee9614813bce296f2463ccc6e29662fe94cde""], [1114, 11, ""219d730bcc1722f930823104e3ff9a80f8de913a17c3c92642c891e50b176438""], [1284, 11, ""5eef11b6d2893427b5e7489662d009a2a83a97775704c21cd206c2c21c26351f""], [1466, 230, ""76742334ce9c2cfb8ff95d8a7e7a79b5c9646446e9ab42bba11454f1d0455908""]]0d4cf6fe7c9587b04192f7edff258fd88b85330f067512c72a25ca96e4efd395",,"S1,S2,S4,S5",S5,False,False,"S1,S2,S4",completed,263,20.447808298639657,0,paging_9b_allcases_20260911,9.393618802,0.5202893749810755
1789153373.130102,1789153386.1224241,9b,0,game,one_shot,8.247667749994434,1,176,False,2dbbcc00c9bea47fb2e2862bbbb61b370245464c50375f0bc115c1a164625934,fb3ff0c4306762d3b3f99c7fa605d504b90c5b55e2378c457d09f9bb90ac1727,,,,,40.495525627533794,"[[1126, 263, ""6954c8e9c92218be294851241d271521942bb36658fa12349269bc07b0457782""]]2dbbcc00c9bea47fb2e2862bbbb61b370245464c50375f0bc115c1a164625934",,"S1,S2,S3,S4,S5,S6",,True,False,,completed,263,31.88780246393624,0,paging_9b_allcases_20260911,8.270123404,1.726659708074294
1789153373.130102,1789153394.370657,9b,0,game,agentic,11.468388124951161,4,162,False,0d4cf6fe7c9587b04192f7edff258fd88b85330f067512c72a25ca96e4efd395,290f4977591fa5bbbb87504c843858738463bc082c4137bd36aed120390b098d,,,,,48.61363006444448,"[[281, 11, ""01c45072cc068aa796de17b6ff4ee9614813bce296f2463ccc6e29662fe94cde""], [1114, 11, ""219d730bcc1722f930823104e3ff9a80f8de913a17c3c92642c891e50b176438""], [1284, 11, ""5eef11b6d2893427b5e7489662d009a2a83a97775704c21cd206c2c21c26351f""], [1466, 230, ""76742334ce9c2cfb8ff95d8a7e7a79b5c9646446e9ab42bba11454f1d0455908""]]0d4cf6fe7c9587b04192f7edff258fd88b85330f067512c72a25ca96e4efd395",,"S1,S2,S4,S5",S5,False,False,"S1,S2,S4",completed,263,22.93260370459602,0,paging_9b_allcases_20260911,9.393618834,0.38074358308222145
1789153460.729247,1789153472.076968,9b,0,gpu,one_shot,33.85096083395183,1,176,False,2dbbcc00c9bea47fb2e2862bbbb61b370245464c50375f0bc115c1a164625934,fb3ff0c4306762d3b3f99c7fa605d504b90c5b55e2378c457d09f9bb90ac1727,,,,,8.847952660293174,"[[1126, 263, ""6954c8e9c92218be294851241d271521942bb36658fa12349269bc07b0457782""]]2dbbcc00c9bea47fb2e2862bbbb61b370245464c50375f0bc115c1a164625934",,"S1,S2,S3,S4,S5,S6",,True,False,,completed,263,7.7693511061646525,0,paging_9b_allcases_20260911,8.270123404,4.061928875045851
1789153460.729247,1789153505.9097128,9b,0,gpu,agentic,57.40267491689883,4,162,False,0d4cf6fe7c9587b04192f7edff258fd88b85330f067512c72a25ca96e4efd395,290f4977591fa5bbbb87504c843858738463bc082c4137bd36aed120390b098d,,,,,7.987496541059725,"[[281, 11, ""01c45072cc068aa796de17b6ff4ee9614813bce296f2463ccc6e29662fe94cde""], [1114, 11, ""219d730bcc1722f930823104e3ff9a80f8de913a17c3c92642c891e50b176438""], [1284, 11, ""5eef11b6d2893427b5e7489662d009a2a83a97775704c21cd206c2c21c26351f""], [1466, 230, ""76742334ce9c2cfb8ff95d8a7e7a79b5c9646446e9ab42bba11454f1d0455908""]]0d4cf6fe7c9587b04192f7edff258fd88b85330f067512c72a25ca96e4efd395",,"S1,S2,S4,S5",S5,False,False,"S1,S2,S4",completed,263,4.581668021233191,0,paging_9b_allcases_20260911,9.393618834,1.6559836670057848
1789153239.513867,1789153253.187964,9b,0,quiet,one_shot,7.2830916659440845,1,176,False,2dbbcc00c9bea47fb2e2862bbbb61b370245464c50375f0bc115c1a164625934,fb3ff0c4306762d3b3f99c7fa605d504b90c5b55e2378c457d09f9bb90ac1727,,,,,45.01908732242692,"[[1126, 263, ""6954c8e9c92218be294851241d271521942bb36658fa12349269bc07b0457782""]]2dbbcc00c9bea47fb2e2862bbbb61b370245464c50375f0bc115c1a164625934",,"S1,S2,S3,S4,S5,S6",,True,False,,completed,263,36.11103801285304,0,paging_9b_allcases_20260911,8.270123404,1.423664457979612
1789153239.513867,1789153260.4715872,9b,0,quiet,agentic,12.428253083024174,4,162,False,0d4cf6fe7c9587b04192f7edff258fd88b85330f067512c72a25ca96e4efd395,290f4977591fa5bbbb87504c843858738463bc082c4137bd36aed120390b098d,,,,,43.66787786229626,"[[281, 11, ""01c45072cc068aa796de17b6ff4ee9614813bce296f2463ccc6e29662fe94cde""], [1114, 11, ""219d730bcc1722f930823104e3ff9a80f8de913a17c3c92642c891e50b176438""], [1284, 11, ""5eef11b6d2893427b5e7489662d009a2a83a97775704c21cd206c2c21c26351f""], [1466, 230, ""76742334ce9c2cfb8ff95d8a7e7a79b5c9646446e9ab42bba11454f1d0455908""]]0d4cf6fe7c9587b04192f7edff258fd88b85330f067512c72a25ca96e4efd395",,"S1,S2,S4,S5",S5,False,False,"S1,S2,S4",completed,263,21.161461570108617,0,paging_9b_allcases_20260911,9.393618834,0.4130237080389634
1789153281.7029161,1789153295.1611562,9b,0,video,one_shot,8.675432874937542,1,176,False,2dbbcc00c9bea47fb2e2862bbbb61b370245464c50375f0bc115c1a164625934,fb3ff0c4306762d3b3f99c7fa605d504b90c5b55e2378c457d09f9bb90ac1727,,,,,41.25204612793721,"[[1126, 263, ""6954c8e9c92218be294851241d271521942bb36658fa12349269bc07b0457782""]]2dbbcc00c9bea47fb2e2862bbbb61b370245464c50375f0bc115c1a164625934",,"S1,S2,S3,S4,S5,S6",,True,False,,completed,263,30.315490165312752,0,paging_9b_allcases_20260911,8.270123404,2.271788708982058
1789153281.7029161,1789153303.837072,9b,0,video,agentic,13.279122875072062,4,162,False,0d4cf6fe7c9587b04192f7edff258fd88b85330f067512c72a25ca96e4efd395,290f4977591fa5bbbb87504c843858738463bc082c4137bd36aed120390b098d,,,,,41.516102016995696,"[[281, 11, ""01c45072cc068aa796de17b6ff4ee9614813bce296f2463ccc6e29662fe94cde""], [1114, 11, ""219d730bcc1722f930823104e3ff9a80f8de913a17c3c92642c891e50b176438""], [1284, 11, ""5eef11b6d2893427b5e7489662d009a2a83a97775704c21cd206c2c21c26351f""], [1466, 230, ""76742334ce9c2cfb8ff95d8a7e7a79b5c9646446e9ab42bba11454f1d0455908""]]0d4cf6fe7c9587b04192f7edff258fd88b85330f067512c72a25ca96e4efd395",,"S1,S2,S4,S5",S5,False,False,"S1,S2,S4",completed,263,19.80552499395204,0,paging_9b_allcases_20260911,9.393618834,0.43012020795140415
1789153842.1265962,1789153870.500679,9b,1,browser,one_shot,8.642104209051467,1,176,False,2dbbcc00c9bea47fb2e2862bbbb61b370245464c50375f0bc115c1a164625934,fb3ff0c4306762d3b3f99c7fa605d504b90c5b55e2378c457d09f9bb90ac1727,,,,,37.58326775156335,"[[1126, 263, ""6954c8e9c92218be294851241d271521942bb36658fa12349269bc07b0457782""]]2dbbcc00c9bea47fb2e2862bbbb61b370245464c50375f0bc115c1a164625934",,"S1,S2,S3,S4,S5,S6",,True,False,,completed,263,30.43240322473109,930414592,paging_9b_allcases_20260911,8.270123404,1.629105000058189
1789153842.1265962,1789153856.131563,9b,1,browser,agentic,14.368701874976978,4,162,False,0d4cf6fe7c9587b04192f7edff258fd88b85330f067512c72a25ca96e4efd395,290f4977591fa5bbbb87504c843858738463bc082c4137bd36aed120390b098d,,,,,40.39546236086509,"[[281, 11, ""01c45072cc068aa796de17b6ff4ee9614813bce296f2463ccc6e29662fe94cde""], [1114, 11, ""219d730bcc1722f930823104e3ff9a80f8de913a17c3c92642c891e50b176438""], [1284, 11, ""5eef11b6d2893427b5e7489662d009a2a83a97775704c21cd206c2c21c26351f""], [1466, 230, ""76742334ce9c2cfb8ff95d8a7e7a79b5c9646446e9ab42bba11454f1d0455908""]]0d4cf6fe7c9587b04192f7edff258fd88b85330f067512c72a25ca96e4efd395",,"S1,S2,S4,S5",S5,False,False,"S1,S2,S4",completed,263,18.303671569525232,930414592,paging_9b_allcases_20260911,9.393618786,1.548097083112225
1789153755.826411,1789153784.539169,9b,1,combined,one_shot,7.639595916029066,1,176,False,2dbbcc00c9bea47fb2e2862bbbb61b370245464c50375f0bc115c1a164625934,fb3ff0c4306762d3b3f99c7fa605d504b90c5b55e2378c457d09f9bb90ac1727,,,,,42.04992225558989,"[[1126, 263, ""6954c8e9c92218be294851241d271521942bb36658fa12349269bc07b0457782""]]2dbbcc00c9bea47fb2e2862bbbb61b370245464c50375f0bc115c1a164625934",,"S1,S2,S3,S4,S5,S6",,True,False,,completed,263,34.42590457542197,889454592,paging_9b_allcases_20260911,8.270123404,1.3667457080446184
1789153755.826411,1789153770.839962,9b,1,combined,agentic,13.698818250093609,4,162,False,0d4cf6fe7c9587b04192f7edff258fd88b85330f067512c72a25ca96e4efd395,290f4977591fa5bbbb87504c843858738463bc082c4137bd36aed120390b098d,,,,,43.43351098377506,"[[281, 11, ""01c45072cc068aa796de17b6ff4ee9614813bce296f2463ccc6e29662fe94cde""], [1114, 11, ""219d730bcc1722f930823104e3ff9a80f8de913a17c3c92642c891e50b176438""], [1284, 11, ""5eef11b6d2893427b5e7489662d009a2a83a97775704c21cd206c2c21c26351f""], [1466, 230, ""76742334ce9c2cfb8ff95d8a7e7a79b5c9646446e9ab42bba11454f1d0455908""]]0d4cf6fe7c9587b04192f7edff258fd88b85330f067512c72a25ca96e4efd395",,"S1,S2,S4,S5",S5,False,False,"S1,S2,S4",completed,263,19.198736358021453,889454592,paging_9b_allcases_20260911,9.393618834,1.4545970000326633
1789153612.537518,1789153636.333738,9b,1,fault,one_shot,7.131907082977705,1,176,False,2dbbcc00c9bea47fb2e2862bbbb61b370245464c50375f0bc115c1a164625934,fb3ff0c4306762d3b3f99c7fa605d504b90c5b55e2378c457d09f9bb90ac1727,,,,,48.23293648005829,"[[1126, 263, ""6954c8e9c92218be294851241d271521942bb36658fa12349269bc07b0457782""]]2dbbcc00c9bea47fb2e2862bbbb61b370245464c50375f0bc115c1a164625934",,"S1,S2,S3,S4,S5,S6",,True,False,,completed,263,36.876532032746645,0,paging_9b_allcases_20260911,8.270123404,1.6660297909984365
1789153612.537518,1789153624.2279732,9b,1,fault,agentic,12.105161915998906,4,162,False,0d4cf6fe7c9587b04192f7edff258fd88b85330f067512c72a25ca96e4efd395,290f4977591fa5bbbb87504c843858738463bc082c4137bd36aed120390b098d,,,,,49.63552293945477,"[[281, 11, ""01c45072cc068aa796de17b6ff4ee9614813bce296f2463ccc6e29662fe94cde""], [1114, 11, ""219d730bcc1722f930823104e3ff9a80f8de913a17c3c92642c891e50b176438""], [1284, 11, ""5eef11b6d2893427b5e7489662d009a2a83a97775704c21cd206c2c21c26351f""], [1466, 230, ""76742334ce9c2cfb8ff95d8a7e7a79b5c9646446e9ab42bba11454f1d0455908""]]0d4cf6fe7c9587b04192f7edff258fd88b85330f067512c72a25ca96e4efd395",,"S1,S2,S4,S5",S5,False,False,"S1,S2,S4",completed,263,21.72626866332151,0,paging_9b_allcases_20260911,9.393618682,1.2940410829614848
1789153801.091129,1789153825.951495,9b,1,game,one_shot,7.071189083042555,1,176,False,2dbbcc00c9bea47fb2e2862bbbb61b370245464c50375f0bc115c1a164625934,fb3ff0c4306762d3b3f99c7fa605d504b90c5b55e2378c457d09f9bb90ac1727,,,,,45.305386193341285,"[[1126, 263, ""6954c8e9c92218be294851241d271521942bb36658fa12349269bc07b0457782""]]2dbbcc00c9bea47fb2e2862bbbb61b370245464c50375f0bc115c1a164625934",,"S1,S2,S3,S4,S5,S6",,True,False,,completed,263,37.19317881496074,0,paging_9b_allcases_20260911,8.270123404,1.249667042051442
1789153801.091129,1789153813.4592378,9b,1,game,agentic,12.491525707999244,4,162,False,0d4cf6fe7c9587b04192f7edff258fd88b85330f067512c72a25ca96e4efd395,290f4977591fa5bbbb87504c843858738463bc082c4137bd36aed120390b098d,,,,,45.149184043671376,"[[281, 11, ""01c45072cc068aa796de17b6ff4ee9614813bce296f2463ccc6e29662fe94cde""], [1114, 11, ""219d730bcc1722f930823104e3ff9a80f8de913a17c3c92642c891e50b176438""], [1284, 11, ""5eef11b6d2893427b5e7489662d009a2a83a97775704c21cd206c2c21c26351f""], [1466, 230, ""76742334ce9c2cfb8ff95d8a7e7a79b5c9646446e9ab42bba11454f1d0455908""]]0d4cf6fe7c9587b04192f7edff258fd88b85330f067512c72a25ca96e4efd395",,"S1,S2,S4,S5",S5,False,False,"S1,S2,S4",completed,263,21.0542736049914,0,paging_9b_allcases_20260911,9.393618834,0.6243058750405908
1789153653.6249459,1789153714.572473,9b,1,gpu,one_shot,32.88811099994928,1,176,False,2dbbcc00c9bea47fb2e2862bbbb61b370245464c50375f0bc115c1a164625934,fb3ff0c4306762d3b3f99c7fa605d504b90c5b55e2378c457d09f9bb90ac1727,,,,,9.258578912101983,"[[1126, 263, ""6954c8e9c92218be294851241d271521942bb36658fa12349269bc07b0457782""]]2dbbcc00c9bea47fb2e2862bbbb61b370245464c50375f0bc115c1a164625934",,"S1,S2,S3,S4,S5,S6",,True,False,,completed,263,7.996810762418238,0,paging_9b_allcases_20260911,8.270123404,4.438818166963756
1789153653.6249459,1789153665.2238212,9b,1,gpu,agentic,49.34817962499801,4,162,False,0d4cf6fe7c9587b04192f7edff258fd88b85330f067512c72a25ca96e4efd395,290f4977591fa5bbbb87504c843858738463bc082c4137bd36aed120390b098d,,,,,9.405862216684932,"[[281, 11, ""01c45072cc068aa796de17b6ff4ee9614813bce296f2463ccc6e29662fe94cde""], [1114, 11, ""219d730bcc1722f930823104e3ff9a80f8de913a17c3c92642c891e50b176438""], [1284, 11, ""5eef11b6d2893427b5e7489662d009a2a83a97775704c21cd206c2c21c26351f""], [1466, 230, ""76742334ce9c2cfb8ff95d8a7e7a79b5c9646446e9ab42bba11454f1d0455908""]]0d4cf6fe7c9587b04192f7edff258fd88b85330f067512c72a25ca96e4efd395",,"S1,S2,S4,S5",S5,False,False,"S1,S2,S4",completed,263,5.329477237024031,0,paging_9b_allcases_20260911,9.393618834,1.650014500017278
1789153929.124804,1789153952.8983932,9b,1,quiet,one_shot,6.633179124910384,1,176,False,2dbbcc00c9bea47fb2e2862bbbb61b370245464c50375f0bc115c1a164625934,fb3ff0c4306762d3b3f99c7fa605d504b90c5b55e2378c457d09f9bb90ac1727,,,,,48.43004442753237,"[[1126, 263, ""6954c8e9c92218be294851241d271521942bb36658fa12349269bc07b0457782""]]2dbbcc00c9bea47fb2e2862bbbb61b370245464c50375f0bc115c1a164625934",,"S1,S2,S3,S4,S5,S6",,True,False,,completed,263,39.64916294998338,0,paging_9b_allcases_20260911,8.270123404,1.1885581670794636
1789153929.124804,1789153941.4928782,9b,1,quiet,agentic,11.404573749983683,4,162,False,0d4cf6fe7c9587b04192f7edff258fd88b85330f067512c72a25ca96e4efd395,290f4977591fa5bbbb87504c843858738463bc082c4137bd36aed120390b098d,,,,,48.11334773351706,"[[281, 11, ""01c45072cc068aa796de17b6ff4ee9614813bce296f2463ccc6e29662fe94cde""], [1114, 11, ""219d730bcc1722f930823104e3ff9a80f8de913a17c3c92642c891e50b176438""], [1284, 11, ""5eef11b6d2893427b5e7489662d009a2a83a97775704c21cd206c2c21c26351f""], [1466, 230, ""76742334ce9c2cfb8ff95d8a7e7a79b5c9646446e9ab42bba11454f1d0455908""]]0d4cf6fe7c9587b04192f7edff258fd88b85330f067512c72a25ca96e4efd395",,"S1,S2,S4,S5",S5,False,False,"S1,S2,S4",completed,263,23.060923254617585,0,paging_9b_allcases_20260911,9.393618834,0.4532367920037359
1789153888.5618298,1789153913.440247,9b,1,video,one_shot,6.515915791969746,1,176,False,2dbbcc00c9bea47fb2e2862bbbb61b370245464c50375f0bc115c1a164625934,fb3ff0c4306762d3b3f99c7fa605d504b90c5b55e2378c457d09f9bb90ac1727,,,,,49.15179054057892,"[[1126, 263, ""6954c8e9c92218be294851241d271521942bb36658fa12349269bc07b0457782""]]2dbbcc00c9bea47fb2e2862bbbb61b370245464c50375f0bc115c1a164625934",,"S1,S2,S3,S4,S5,S6",,True,False,,completed,263,40.36270700798847,0,paging_9b_allcases_20260911,8.270123404,1.1498393750516698
1789153888.5618298,1789153901.672205,9b,1,video,agentic,11.767345166997984,4,162,False,0d4cf6fe7c9587b04192f7edff258fd88b85330f067512c72a25ca96e4efd395,290f4977591fa5bbbb87504c843858738463bc082c4137bd36aed120390b098d,,,,,49.2413608569553,"[[281, 11, ""01c45072cc068aa796de17b6ff4ee9614813bce296f2463ccc6e29662fe94cde""], [1114, 11, ""219d730bcc1722f930823104e3ff9a80f8de913a17c3c92642c891e50b176438""], [1284, 11, ""5eef11b6d2893427b5e7489662d009a2a83a97775704c21cd206c2c21c26351f""], [1466, 230, ""76742334ce9c2cfb8ff95d8a7e7a79b5c9646446e9ab42bba11454f1d0455908""]]0d4cf6fe7c9587b04192f7edff258fd88b85330f067512c72a25ca96e4efd395",,"S1,S2,S4,S5",S5,False,False,"S1,S2,S4",completed,263,22.349986022131365,0,paging_9b_allcases_20260911,9.393618834,0.8955952920950949
1789154051.793231,1789154066.0754318,9b,2,browser,one_shot,9.083410208928399,1,176,False,2dbbcc00c9bea47fb2e2862bbbb61b370245464c50375f0bc115c1a164625934,fb3ff0c4306762d3b3f99c7fa605d504b90c5b55e2378c457d09f9bb90ac1727,,,,,39.55325773858526,"[[1126, 263, ""6954c8e9c92218be294851241d271521942bb36658fa12349269bc07b0457782""]]2dbbcc00c9bea47fb2e2862bbbb61b370245464c50375f0bc115c1a164625934",,"S1,S2,S3,S4,S5,S6",,True,False,,completed,263,28.95388339298914,496631808,paging_9b_allcases_20260911,8.270123404,2.4085967499995604
1789154051.793231,1789154075.159341,9b,2,browser,agentic,13.014317458029836,4,162,False,0d4cf6fe7c9587b04192f7edff258fd88b85330f067512c72a25ca96e4efd395,290f4977591fa5bbbb87504c843858738463bc082c4137bd36aed120390b098d,,,,,41.252590741200166,"[[281, 11, ""01c45072cc068aa796de17b6ff4ee9614813bce296f2463ccc6e29662fe94cde""], [1114, 11, ""219d730bcc1722f930823104e3ff9a80f8de913a17c3c92642c891e50b176438""], [1284, 11, ""5eef11b6d2893427b5e7489662d009a2a83a97775704c21cd206c2c21c26351f""], [1466, 230, ""76742334ce9c2cfb8ff95d8a7e7a79b5c9646446e9ab42bba11454f1d0455908""]]0d4cf6fe7c9587b04192f7edff258fd88b85330f067512c72a25ca96e4efd395",,"S1,S2,S4,S5",S5,False,False,"S1,S2,S4",completed,263,20.20851272824369,496631808,paging_9b_allcases_20260911,9.393618834,0.41115508298389614
1789154140.948601,1789154154.9953222,9b,2,combined,one_shot,8.26018241699785,1,176,False,2dbbcc00c9bea47fb2e2862bbbb61b370245464c50375f0bc115c1a164625934,fb3ff0c4306762d3b3f99c7fa605d504b90c5b55e2378c457d09f9bb90ac1727,,,,,43.412583694614405,"[[1126, 263, ""6954c8e9c92218be294851241d271521942bb36658fa12349269bc07b0457782""]]2dbbcc00c9bea47fb2e2862bbbb61b370245464c50375f0bc115c1a164625934",,"S1,S2,S3,S4,S5,S6",,True,False,,completed,263,31.83949054911876,563216384,paging_9b_allcases_20260911,8.270123404,2.177981625078246
1789154140.948601,1789154163.2560792,9b,2,combined,agentic,12.745431834016927,4,162,False,0d4cf6fe7c9587b04192f7edff258fd88b85330f067512c72a25ca96e4efd395,290f4977591fa5bbbb87504c843858738463bc082c4137bd36aed120390b098d,,,,,43.81711155826172,"[[281, 11, ""01c45072cc068aa796de17b6ff4ee9614813bce296f2463ccc6e29662fe94cde""], [1114, 11, ""219d730bcc1722f930823104e3ff9a80f8de913a17c3c92642c891e50b176438""], [1284, 11, ""5eef11b6d2893427b5e7489662d009a2a83a97775704c21cd206c2c21c26351f""], [1466, 230, ""76742334ce9c2cfb8ff95d8a7e7a79b5c9646446e9ab42bba11454f1d0455908""]]0d4cf6fe7c9587b04192f7edff258fd88b85330f067512c72a25ca96e4efd395",,"S1,S2,S4,S5",S5,False,False,"S1,S2,S4",completed,263,20.634844187708573,563216384,paging_9b_allcases_20260911,9.393618834,0.4032257500803098
1789154284.27968,1789154295.5307698,9b,2,fault,one_shot,6.8416344170691445,1,176,False,2dbbcc00c9bea47fb2e2862bbbb61b370245464c50375f0bc115c1a164625934,fb3ff0c4306762d3b3f99c7fa605d504b90c5b55e2378c457d09f9bb90ac1727,,,,,49.60665974113321,"[[1126, 263, ""6954c8e9c92218be294851241d271521942bb36658fa12349269bc07b0457782""]]2dbbcc00c9bea47fb2e2862bbbb61b370245464c50375f0bc115c1a164625934",,"S1,S2,S3,S4,S5,S6",,True,False,,completed,263,38.44110690039842,0,paging_9b_allcases_20260911,8.270123404,1.5244207499781623
1789154284.27968,1789154302.372737,9b,2,fault,agentic,11.120750750065781,4,162,False,0d4cf6fe7c9587b04192f7edff258fd88b85330f067512c72a25ca96e4efd395,290f4977591fa5bbbb87504c843858738463bc082c4137bd36aed120390b098d,,,,,50.110444639498425,"[[281, 11, ""01c45072cc068aa796de17b6ff4ee9614813bce296f2463ccc6e29662fe94cde""], [1114, 11, ""219d730bcc1722f930823104e3ff9a80f8de913a17c3c92642c891e50b176438""], [1284, 11, ""5eef11b6d2893427b5e7489662d009a2a83a97775704c21cd206c2c21c26351f""], [1466, 230, ""76742334ce9c2cfb8ff95d8a7e7a79b5c9646446e9ab42bba11454f1d0455908""]]0d4cf6fe7c9587b04192f7edff258fd88b85330f067512c72a25ca96e4efd395",,"S1,S2,S4,S5",S5,False,False,"S1,S2,S4",completed,263,23.649482477470716,0,paging_9b_allcases_20260911,9.393618826,0.3628996249753982
1789154097.479467,1789154110.27603,9b,2,game,one_shot,8.243065083050169,1,176,False,2dbbcc00c9bea47fb2e2862bbbb61b370245464c50375f0bc115c1a164625934,fb3ff0c4306762d3b3f99c7fa605d504b90c5b55e2378c457d09f9bb90ac1727,,,,,39.42585683760003,"[[1126, 263, ""6954c8e9c92218be294851241d271521942bb36658fa12349269bc07b0457782""]]2dbbcc00c9bea47fb2e2862bbbb61b370245464c50375f0bc115c1a164625934",,"S1,S2,S3,S4,S5,S6",,True,False,,completed,263,31.905607604723958,0,paging_9b_allcases_20260911,8.270123404,1.550544291967526
1789154097.479467,1789154118.5194712,9b,2,game,agentic,13.880059417104349,4,162,False,0d4cf6fe7c9587b04192f7edff258fd88b85330f067512c72a25ca96e4efd395,290f4977591fa5bbbb87504c843858738463bc082c4137bd36aed120390b098d,,,,,39.69461359244214,"[[281, 11, ""01c45072cc068aa796de17b6ff4ee9614813bce296f2463ccc6e29662fe94cde""], [1114, 11, ""219d730bcc1722f930823104e3ff9a80f8de913a17c3c92642c891e50b176438""], [1284, 11, ""5eef11b6d2893427b5e7489662d009a2a83a97775704c21cd206c2c21c26351f""], [1466, 230, ""76742334ce9c2cfb8ff95d8a7e7a79b5c9646446e9ab42bba11454f1d0455908""]]0d4cf6fe7c9587b04192f7edff258fd88b85330f067512c72a25ca96e4efd395",,"S1,S2,S4,S5",S5,False,False,"S1,S2,S4",completed,263,18.94804568890433,0,paging_9b_allcases_20260911,9.393618834,0.4577485000481829
1789154185.313706,1789154196.7281878,9b,2,gpu,one_shot,32.753192125004716,1,176,False,2dbbcc00c9bea47fb2e2862bbbb61b370245464c50375f0bc115c1a164625934,fb3ff0c4306762d3b3f99c7fa605d504b90c5b55e2378c457d09f9bb90ac1727,,,,,9.21466740128324,"[[1126, 263, ""6954c8e9c92218be294851241d271521942bb36658fa12349269bc07b0457782""]]2dbbcc00c9bea47fb2e2862bbbb61b370245464c50375f0bc115c1a164625934",,"S1,S2,S3,S4,S5,S6",,True,False,,completed,263,8.029751695536826,0,paging_9b_allcases_20260911,8.270123404,4.139391792006791
1789154185.313706,1789154229.481805,9b,2,gpu,agentic,46.49923520802986,4,162,False,0d4cf6fe7c9587b04192f7edff258fd88b85330f067512c72a25ca96e4efd395,290f4977591fa5bbbb87504c843858738463bc082c4137bd36aed120390b098d,,,,,9.863148748826784,"[[281, 11, ""01c45072cc068aa796de17b6ff4ee9614813bce296f2463ccc6e29662fe94cde""], [1114, 11, ""219d730bcc1722f930823104e3ff9a80f8de913a17c3c92642c891e50b176438""], [1284, 11, ""5eef11b6d2893427b5e7489662d009a2a83a97775704c21cd206c2c21c26351f""], [1466, 230, ""76742334ce9c2cfb8ff95d8a7e7a79b5c9646446e9ab42bba11454f1d0455908""]]0d4cf6fe7c9587b04192f7edff258fd88b85330f067512c72a25ca96e4efd395",,"S1,S2,S4,S5",S5,False,False,"S1,S2,S4",completed,263,5.6560070036288055,0,paging_9b_allcases_20260911,9.393618834,1.251594000030309
1789153968.141483,1789153980.166116,9b,2,quiet,one_shot,8.563786499900743,1,176,False,2dbbcc00c9bea47fb2e2862bbbb61b370245464c50375f0bc115c1a164625934,fb3ff0c4306762d3b3f99c7fa605d504b90c5b55e2378c457d09f9bb90ac1727,,,,,40.901246792953444,"[[1126, 263, ""6954c8e9c92218be294851241d271521942bb36658fa12349269bc07b0457782""]]2dbbcc00c9bea47fb2e2862bbbb61b370245464c50375f0bc115c1a164625934",,"S1,S2,S3,S4,S5,S6",,True,False,,completed,263,30.71071423873636,0,paging_9b_allcases_20260911,8.270123404,2.1095317089930177
1789153968.141483,1789153988.7303119,9b,2,quiet,agentic,12.979033333947882,4,162,False,0d4cf6fe7c9587b04192f7edff258fd88b85330f067512c72a25ca96e4efd395,290f4977591fa5bbbb87504c843858738463bc082c4137bd36aed120390b098d,,,,,41.88877828370144,"[[281, 11, ""01c45072cc068aa796de17b6ff4ee9614813bce296f2463ccc6e29662fe94cde""], [1114, 11, ""219d730bcc1722f930823104e3ff9a80f8de913a17c3c92642c891e50b176438""], [1284, 11, ""5eef11b6d2893427b5e7489662d009a2a83a97775704c21cd206c2c21c26351f""], [1466, 230, ""76742334ce9c2cfb8ff95d8a7e7a79b5c9646446e9ab42bba11454f1d0455908""]]0d4cf6fe7c9587b04192f7edff258fd88b85330f067512c72a25ca96e4efd395",,"S1,S2,S4,S5",S5,False,False,"S1,S2,S4",completed,263,20.263450538500333,0,paging_9b_allcases_20260911,9.393618834,0.40183070802595466
1789154010.8948748,1789154024.14624,9b,2,video,one_shot,7.158480125013739,1,176,False,2dbbcc00c9bea47fb2e2862bbbb61b370245464c50375f0bc115c1a164625934,fb3ff0c4306762d3b3f99c7fa605d504b90c5b55e2378c457d09f9bb90ac1727,,,,,49.082307040783725,"[[1126, 263, ""6954c8e9c92218be294851241d271521942bb36658fa12349269bc07b0457782""]]2dbbcc00c9bea47fb2e2862bbbb61b370245464c50375f0bc115c1a164625934",,"S1,S2,S3,S4,S5,S6",,True,False,,completed,263,36.73964241110402,0,paging_9b_allcases_20260911,8.270123404,1.7775414580246434
1789154010.8948748,1789154031.305345,9b,2,video,agentic,11.281683959066868,4,162,False,0d4cf6fe7c9587b04192f7edff258fd88b85330f067512c72a25ca96e4efd395,290f4977591fa5bbbb87504c843858738463bc082c4137bd36aed120390b098d,,,,,49.44831365511771,"[[281, 11, ""01c45072cc068aa796de17b6ff4ee9614813bce296f2463ccc6e29662fe94cde""], [1114, 11, ""219d730bcc1722f930823104e3ff9a80f8de913a17c3c92642c891e50b176438""], [1284, 11, ""5eef11b6d2893427b5e7489662d009a2a83a97775704c21cd206c2c21c26351f""], [1466, 230, ""76742334ce9c2cfb8ff95d8a7e7a79b5c9646446e9ab42bba11454f1d0455908""]]0d4cf6fe7c9587b04192f7edff258fd88b85330f067512c72a25ca96e4efd395",,"S1,S2,S4,S5",S5,False,False,"S1,S2,S4",completed,263,23.31212263649985,0,paging_9b_allcases_20260911,9.393618834,0.3663238750305027
