stage,window,precision,device,concurrency,ok,tokens_per_s_median,tokens_per_s_p10,tokens_per_s_p90,requests_per_s_median,measurement_wall_s,error,performance_hint,optimal_number_of_infer_requests,compile_s_excluded
prefill,128,fp16,GPU,1,True,3816.3152571414703,3805.272698206408,3816.3152571414703,29.814962946417737,0.23957560397684574,,THROUGHPUT,2,0.4981651809066534
prefill,128,fp16,GPU,2,True,4290.844464913665,4284.8475572815905,4290.844464913665,33.52222238213801,0.25030299462378025,,THROUGHPUT,2,0.4981651809066534
prefill,128,fp16,GPU,4,True,4737.671046109966,4714.821081983521,4737.671046109966,37.013055047734106,0.4492099080234766,,THROUGHPUT,2,0.4981651809066534
prefill,128,fp16,NPU,1,True,1722.1729611623734,1452.2293779110848,1722.1729611623734,13.454476259081042,0.7275592815130949,,THROUGHPUT,1,0.2078733816742897
prefill,128,fp16,NPU,2,True,3195.026801373965,3176.256577297718,3195.026801373965,24.961146885734102,0.38291908614337444,,THROUGHPUT,1,0.2078733816742897
prefill,128,fp16,NPU,4,True,4018.2680989944606,4011.883587177246,4018.2680989944606,31.392719523394224,0.6184221897274256,,THROUGHPUT,1,0.2078733816742897
prefill,128,int8,GPU,1,True,4027.989626089286,2176.99340589632,4027.989626089286,31.468668953822547,0.3289160933345556,,THROUGHPUT,4,1.1612369492650032
prefill,128,int8,GPU,2,True,5212.038302553922,5179.979988933664,5212.038302553922,40.71904923870252,0.20713635720312595,,THROUGHPUT,4,1.1612369492650032
prefill,128,int8,GPU,4,True,6270.4499067010265,6118.2982904581395,6270.4499067010265,48.98788989610177,0.34505140595138073,,THROUGHPUT,4,1.1612369492650032
prefill,128,int8,NPU,1,True,518.074993388877,516.8444338454093,518.074993388877,4.047460885850602,1.1947597172111273,,THROUGHPUT,1,7.384315734729171
prefill,128,int8,NPU,2,True,887.6061077891645,878.9894473008621,887.6061077891645,6.934422717102848,1.3245260752737522,,THROUGHPUT,1,7.384315734729171
prefill,128,int8,NPU,4,True,1050.4006536103639,1032.3707362281323,1050.4006536103639,8.206255106330968,2.1817549020051956,,THROUGHPUT,1,7.384315734729171
prefill,512,fp16,GPU,1,True,4704.30730368438,4034.308659398036,4704.30730368438,9.188100202508554,0.6147676445543766,,THROUGHPUT,4,1.2269768584519625
prefill,512,fp16,GPU,2,True,6212.882531811402,6182.444729140655,6212.882531811402,12.134536194944145,0.7036994304507971,,THROUGHPUT,4,1.2269768584519625
prefill,512,fp16,GPU,4,True,7086.198257884799,6971.537304006765,7086.198257884799,13.840230972431248,1.2299620565026999,,THROUGHPUT,4,1.2269768584519625
prefill,512,fp16,NPU,1,True,1780.7106826138313,1780.319106002534,1780.7106826138313,3.4779505519801392,1.382890859618783,,THROUGHPUT,1,13.709264755249023
prefill,512,fp16,NPU,2,True,2877.069963944297,2870.0185847230027,2877.069963944297,5.619277273328705,2.0082966927438974,,THROUGHPUT,1,13.709264755249023
prefill,512,fp16,NPU,4,True,3607.148901066069,3592.2692275214326,3607.148901066069,7.045212697394666,2.526452027261257,,THROUGHPUT,1,13.709264755249023
prefill,512,int8,GPU,1,True,4899.7747427629865,3926.818995737252,4899.7747427629865,9.569872544458958,0.6310099773108959,,THROUGHPUT,4,1.1996818464249372
prefill,512,int8,GPU,2,True,6489.506686529286,6452.298335862173,6489.506686529286,12.674817747127511,0.6761003658175468,,THROUGHPUT,4,1.1996818464249372
prefill,512,int8,GPU,4,True,7394.171031009507,7289.761009260882,7394.171031009507,14.441740294940443,1.1854896452277899,,THROUGHPUT,4,1.1996818464249372
prefill,512,int8,NPU,1,True,1105.635495121125,1105.3292497390305,1105.635495121125,2.159444326408447,2.144889023154974,,THROUGHPUT,1,16.329617485404015
prefill,512,int8,NPU,2,True,1868.4452342316972,1864.0795323237858,1868.4452342316972,3.6493070981087836,2.7464154716581106,,THROUGHPUT,1,16.329617485404015
prefill,512,int8,NPU,4,True,2182.765177959201,2176.242617684167,2182.765177959201,4.263213238201565,4.097792398184538,,THROUGHPUT,1,16.329617485404015
prefill,1024,fp16,GPU,1,True,5242.981551966973,5006.579280368507,5242.981551966973,5.120099171842747,0.9961896855384111,,THROUGHPUT,4,1.2609429452568293
prefill,1024,fp16,GPU,2,True,5611.8478537820765,5596.369713192928,5611.8478537820765,5.480320169709059,1.5042119026184082,,THROUGHPUT,4,1.2609429452568293
prefill,1024,fp16,GPU,4,True,6388.427722774371,5991.570577523233,6388.427722774371,6.238698948021847,2.723125195130706,,THROUGHPUT,4,1.2609429452568293
prefill,1024,fp16,NPU,1,True,2778.513835381829,2776.591758715329,2778.513835381829,2.713392417365067,1.766947377473116,,THROUGHPUT,1,14.611263424158096
prefill,1024,fp16,NPU,2,True,4576.932341670984,4559.0154820662565,4576.932341670984,4.46966048991307,2.0427689384669065,,THROUGHPUT,1,14.611263424158096
prefill,1024,fp16,NPU,4,True,5210.6708224206,5121.886867403409,5210.6708224206,5.088545725020118,3.5300663020461798,,THROUGHPUT,1,14.611263424158096
prefill,1024,int8,GPU,1,True,5450.708698042369,4788.185281362071,5450.708698042369,5.322957712932001,1.0029934756457806,,THROUGHPUT,4,1.1653722934424877
prefill,1024,int8,GPU,2,True,6148.129054792218,6128.409435980826,6148.129054792218,6.0040322800705255,1.4102562293410301,,THROUGHPUT,4,1.1653722934424877
prefill,1024,int8,GPU,4,True,6911.775462143404,6754.215263938135,6911.775462143404,6.749780724749418,2.436972413212061,,THROUGHPUT,4,1.1653722934424877
prefill,1024,int8,NPU,1,True,1898.566548161681,1897.3464784432813,1898.566548161681,1.8540688946891417,2.4960855338722467,,THROUGHPUT,1,18.0291460826993
prefill,1024,int8,NPU,2,True,3111.485229328808,3107.854353504883,3111.485229328808,3.038559794266414,2.923818675801158,,THROUGHPUT,1,18.0291460826993
prefill,1024,int8,NPU,4,True,3525.9306521007816,3487.3741683814646,3525.9306521007816,3.4432916524421695,5.053514149039984,,THROUGHPUT,1,18.0291460826993
prefill,2048,fp16,GPU,1,True,4824.770289393682,4743.56587620324,4824.770289393682,2.355844867868009,1.9539573341608047,,THROUGHPUT,4,1.2350503653287888
prefill,2048,fp16,GPU,2,True,5663.870430147454,5636.259972840691,5663.870430147454,2.7655617334704363,3.053542261943221,,THROUGHPUT,4,1.2350503653287888
prefill,2048,fp16,GPU,4,True,5815.415628852284,5791.892737704017,5815.415628852284,2.839558412525529,5.751831078901887,,THROUGHPUT,4,1.2350503653287888
prefill,2048,fp16,NPU,1,True,1654.814484067908,1649.6327487121205,1654.814484067908,0.8080148847987833,5.397740624845028,,THROUGHPUT,1,21.408836459740996
prefill,2048,fp16,NPU,2,False,,,,,1.8243138901889324,"RuntimeError: Exception from src/inference/src/cpp/infer_request.cpp:224:
Check '*roi_end <= *max_dim' failed at src/inference/src/dev/make_tensor.cpp:35

",THROUGHPUT,1,21.408836459740996
prefill,2048,fp16,NPU,4,False,,,,,2.592501847073436,"RuntimeError: Exception from src/inference/src/cpp/infer_request.cpp:224:
Check '*roi_begin <= *max_dim' failed at src/inference/src/dev/make_tensor.cpp:34

",THROUGHPUT,1,21.408836459740996
prefill,2048,int8,GPU,1,True,4655.084762316341,4564.699660514899,4655.084762316341,2.272990606599776,1.9524305313825607,,THROUGHPUT,4,1.207862477749586
prefill,2048,int8,GPU,2,True,5117.641060499645,5109.6978023812535,5117.641060499645,2.4988481740720925,3.346096871420741,,THROUGHPUT,4,1.207862477749586
prefill,2048,int8,GPU,4,True,5781.472698313876,5716.03991019549,5781.472698313876,2.8229847159735724,5.908445745706558,,THROUGHPUT,4,1.207862477749586
prefill,2048,int8,NPU,1,True,1303.2327712778397,1302.8025475614352,1303.2327712778397,0.6363441266005077,6.749194798991084,,THROUGHPUT,1,25.285416753962636
prefill,2048,int8,NPU,2,False,,,,,2.178680047392845,"RuntimeError: Exception from src/inference/src/cpp/infer_request.cpp:224:
Check '*roi_end <= *max_dim' failed at src/inference/src/dev/make_tensor.cpp:35

",THROUGHPUT,1,25.285416753962636
prefill,2048,int8,NPU,4,False,,,,,2.7459882143884897,"RuntimeError: Exception from src/inference/src/cpp/infer_request.cpp:224:
Check '*roi_begin <= *max_dim' failed at src/inference/src/dev/make_tensor.cpp:34

",THROUGHPUT,1,25.285416753962636
decode,128,fp16,GPU,1,True,69.09773070424843,68.13942840428456,69.09773070424843,2.1593040845077636,1.5534485150128603,,THROUGHPUT,2,0.4981651809066534
decode,128,fp16,GPU,2,True,68.13350326228117,67.99354676170184,68.13350326228117,2.1291719769462865,3.075361207127571,,THROUGHPUT,2,0.4981651809066534
decode,128,fp16,GPU,4,True,69.1291928111494,68.83991802397598,69.1291928111494,2.1602872753484186,6.0357156451791525,,THROUGHPUT,2,0.4981651809066534
decode,128,fp16,NPU,1,True,62.321975166027386,62.202561628164084,62.321975166027386,1.9475617239383558,1.913204226642847,,THROUGHPUT,1,0.2078733816742897
decode,128,fp16,NPU,2,True,65.93392328985549,65.9287242550233,65.93392328985549,2.060435102807984,3.345130566507578,,THROUGHPUT,1,0.2078733816742897
decode,128,fp16,NPU,4,True,66.8823905589718,66.78524260641817,66.8823905589718,2.090074704967869,6.468996634706855,,THROUGHPUT,1,0.2078733816742897
decode,128,int8,GPU,1,True,112.9859450135835,112.1026065875034,112.9859450135835,3.5308107816744845,1.0238386746495962,,THROUGHPUT,4,1.1612369492650032
decode,128,int8,GPU,2,True,128.31750755370513,128.16024120806404,128.31750755370513,4.009922111053285,1.701743222773075,,THROUGHPUT,4,1.1612369492650032
decode,128,int8,GPU,4,True,135.48619554218118,135.05633790878224,135.48619554218118,4.233943610693162,3.1963990591466427,,THROUGHPUT,4,1.1612369492650032
decode,128,int8,NPU,1,True,5.243807496850723,5.237896681912829,5.243807496850723,0.16386898427658508,19.525980753824115,,THROUGHPUT,1,7.384315734729171
decode,128,int8,NPU,2,False,,,,,5.257545927539468,"RuntimeError: Exception from src/inference/src/cpp/infer_request.cpp:224:
Exception from src/plugins/intel_npu/src/utils/src/zero/zero_wrappers.cpp:226:
L0 zeCommandQueueExecuteCommandLists result: ZE_RESULT_ERROR_UNKNOWN, code 0x7ffffffe - an action is required to complete the desired operation

",THROUGHPUT,1,7.384315734729171
decode,128,int8,NPU,4,True,5.296003103174415,5.287124381008854,5.296003103174415,0.16550009697420046,75.74887378700078,,THROUGHPUT,1,7.384315734729171
decode,512,fp16,GPU,1,False,,,,,0.2841458320617676,"RuntimeError: Exception from src/inference/src/cpp/infer_request.cpp:224:
Check 'args[i].index < data.outputs.size() && data.outputs[args[i].index]' failed at src/plugins/intel_gpu/src/runtime/ocl/ocl_stream.cpp:106:
The allocated output memory is necessary to set kernel arguments.

",THROUGHPUT,4,1.2269768584519625
decode,512,fp16,GPU,2,False,,,,,0.14147747308015823,"RuntimeError: Exception from src/inference/src/cpp/infer_request.cpp:224:
Check '!dim::is_empty(minus_one_dim)' failed at src/core/shape_inference/include/reshape_shape_inference.hpp:355:
While validating node 'opset1::Reshape reshape:__module.model/aten::index/Reshape () -> ()' with friendly_name 'reshape:__module.model/aten::index/Reshape':
Non-'-1' output dimensions do not evenly divide the input dimensions

",THROUGHPUT,4,1.2269768584519625
decode,512,fp16,GPU,4,True,71.15136397235241,70.76799644290485,71.15136397235241,2.223480124136013,6.683315398171544,,THROUGHPUT,4,1.2269768584519625
decode,512,fp16,NPU,1,True,49.98435033935981,49.65085898634243,49.98435033935981,1.562010948104994,3.194629281759262,,THROUGHPUT,1,13.709264755249023
decode,512,fp16,NPU,2,False,,,,,5.0085500702261925,"RuntimeError: Exception from src/inference/src/cpp/infer_request.cpp:224:
Exception from src/plugins/intel_npu/src/utils/src/zero/zero_wrappers.cpp:226:
L0 zeCommandQueueExecuteCommandLists result: ZE_RESULT_ERROR_UNKNOWN, code 0x7ffffffe - an action is required to complete the desired operation

",THROUGHPUT,1,13.709264755249023
decode,512,fp16,NPU,4,True,51.96419988417612,51.9409713968469,51.96419988417612,1.6238812463805037,10.28778563439846,,THROUGHPUT,1,13.709264755249023
decode,512,int8,GPU,1,False,,,,,0.2732607629150152,"RuntimeError: Exception from src/inference/src/cpp/infer_request.cpp:224:
Check 'args[i].index < data.outputs.size() && data.outputs[args[i].index]' failed at src/plugins/intel_gpu/src/runtime/ocl/ocl_stream.cpp:106:
The allocated output memory is necessary to set kernel arguments.

",THROUGHPUT,4,1.1996818464249372
decode,512,int8,GPU,2,False,,,,,0.1396786980330944,"RuntimeError: Exception from src/inference/src/cpp/infer_request.cpp:224:
Check '!dim::is_empty(minus_one_dim)' failed at src/core/shape_inference/include/reshape_shape_inference.hpp:355:
While validating node 'opset1::Reshape reshape:__module.model/aten::index/Reshape () -> ()' with friendly_name 'reshape:__module.model/aten::index/Reshape':
Non-'-1' output dimensions do not evenly divide the input dimensions

",THROUGHPUT,4,1.1996818464249372
decode,512,int8,GPU,4,True,129.13581888002747,128.72942514079378,129.13581888002747,4.0354943400008585,4.183245463296771,,THROUGHPUT,4,1.1996818464249372
decode,512,int8,NPU,1,True,5.250297747171947,5.245718186796081,5.250297747171947,0.16407180459912335,20.43046229146421,,THROUGHPUT,1,16.329617485404015
decode,512,int8,NPU,2,False,,,,,1.790096078068018,"RuntimeError: Exception from src/inference/src/cpp/infer_request.cpp:224:
Exception from src/plugins/intel_npu/src/utils/src/zero/zero_wrappers.cpp:226:
L0 zeCommandQueueExecuteCommandLists result: ZE_RESULT_ERROR_UNKNOWN, code 0x7ffffffe - an action is required to complete the desired operation

",THROUGHPUT,1,16.329617485404015
decode,512,int8,NPU,4,False,,,,,5.447142947465181,"RuntimeError: Exception from src/inference/src/cpp/infer_request.cpp:224:
Exception from src/plugins/intel_npu/src/utils/src/zero/zero_wrappers.cpp:258:
L0 zeFenceHostSynchronize result: ZE_RESULT_ERROR_DEVICE_LOST, code 0x70000001 - device hung, reset, was removed, or driver update occurred

",THROUGHPUT,1,16.329617485404015
decode,1024,fp16,GPU,1,True,62.47536557758535,62.305566063705825,62.47536557758535,1.9523551742995422,2.4145369194447994,,THROUGHPUT,4,1.2609429452568293
decode,1024,fp16,GPU,2,True,68.2437937447588,67.50766739102527,68.2437937447588,2.1326185545237126,4.830940553918481,,THROUGHPUT,4,1.2609429452568293
decode,1024,fp16,GPU,4,True,67.62409015987099,65.64408578033628,67.62409015987099,2.1132528174959684,8.420909596607089,,THROUGHPUT,4,1.2609429452568293
decode,1024,fp16,NPU,1,True,47.9994465772541,47.88593414506723,47.9994465772541,1.4999827055391906,3.6070379316806793,,THROUGHPUT,1,14.611263424158096
decode,1024,fp16,NPU,2,False,,,,,5.214711956679821,"RuntimeError: Exception from src/inference/src/cpp/infer_request.cpp:224:
Exception from src/plugins/intel_npu/src/utils/src/zero/zero_wrappers.cpp:258:
L0 zeFenceHostSynchronize result: ZE_RESULT_ERROR_DEVICE_LOST, code 0x70000001 - device hung, reset, was removed, or driver update occurred

",THROUGHPUT,1,14.611263424158096
decode,1024,fp16,NPU,4,True,50.132125701341614,49.987133987700936,50.132125701341614,1.5666289281669254,11.509068839251995,,THROUGHPUT,1,14.611263424158096
decode,1024,int8,GPU,1,True,99.67474735841778,98.23050398967546,99.67474735841778,3.1148358549505555,1.840557212010026,,THROUGHPUT,4,1.1653722934424877
decode,1024,int8,GPU,2,True,118.65522440807383,118.27389707950852,118.65522440807383,3.7079757627523073,2.9702727515250444,,THROUGHPUT,4,1.1653722934424877
decode,1024,int8,GPU,4,True,119.2716225382081,118.69600449832265,119.2716225382081,3.7272382043190033,5.688773907721043,,THROUGHPUT,4,1.1653722934424877
decode,1024,int8,NPU,1,True,5.241617648015409,5.241540224056512,5.241617648015409,0.16380055150048153,20.778038818389177,,THROUGHPUT,1,18.0291460826993
decode,1024,int8,NPU,2,False,,,,,1.9881639741361141,"RuntimeError: Exception from src/inference/src/cpp/infer_request.cpp:224:
Exception from src/plugins/intel_npu/src/utils/src/zero/zero_wrappers.cpp:226:
L0 zeCommandQueueExecuteCommandLists result: ZE_RESULT_ERROR_UNKNOWN, code 0x7ffffffe - an action is required to complete the desired operation

",THROUGHPUT,1,18.0291460826993
decode,1024,int8,NPU,4,False,,,,,5.817884987220168,"RuntimeError: Exception from src/inference/src/cpp/infer_request.cpp:224:
Exception from src/plugins/intel_npu/src/utils/src/zero/zero_wrappers.cpp:258:
L0 zeFenceHostSynchronize result: ZE_RESULT_ERROR_DEVICE_LOST, code 0x70000001 - device hung, reset, was removed, or driver update occurred

",THROUGHPUT,1,18.0291460826993
decode,2048,fp16,GPU,1,False,,,,,0.9933054130524397,"RuntimeError: Exception from src/inference/src/cpp/infer_request.cpp:224:
Check 'args[i].index < data.outputs.size() && data.outputs[args[i].index]' failed at src/plugins/intel_gpu/src/runtime/ocl/ocl_stream.cpp:106:
The allocated output memory is necessary to set kernel arguments.

",THROUGHPUT,4,1.2350503653287888
decode,2048,fp16,GPU,2,False,,,,,0.5612010061740875,"RuntimeError: Exception from src/inference/src/cpp/infer_request.cpp:224:
Check '!dim::is_empty(minus_one_dim)' failed at src/core/shape_inference/include/reshape_shape_inference.hpp:355:
While validating node 'opset1::Reshape reshape:__module.model/aten::index/Reshape () -> ()' with friendly_name 'reshape:__module.model/aten::index/Reshape':
Non-'-1' output dimensions do not evenly divide the input dimensions

",THROUGHPUT,4,1.2350503653287888
decode,2048,fp16,GPU,4,True,58.47299357471612,58.21185887906035,58.47299357471612,1.8272810492098788,13.678660921752453,,THROUGHPUT,4,1.2350503653287888
decode,2048,fp16,NPU,1,True,45.00368667350218,44.949084541475855,45.00368667350218,1.4063652085469431,7.835439687594771,,THROUGHPUT,1,21.408836459740996
decode,2048,fp16,NPU,2,False,,,,,1.8009289726614952,"RuntimeError: Exception from src/inference/src/cpp/infer_request.cpp:224:
Check '*roi_end <= *max_dim' failed at src/inference/src/dev/make_tensor.cpp:35

",THROUGHPUT,1,21.408836459740996
decode,2048,fp16,NPU,4,False,,,,,3.0052311159670353,"RuntimeError: Exception from src/inference/src/cpp/infer_request.cpp:224:
Check '*roi_end <= *max_dim' failed at src/inference/src/dev/make_tensor.cpp:35

",THROUGHPUT,1,21.408836459740996
decode,2048,int8,GPU,1,False,,,,,1.0532619822770357,"RuntimeError: Exception from src/inference/src/cpp/infer_request.cpp:224:
Check 'args[i].index < data.outputs.size() && data.outputs[args[i].index]' failed at src/plugins/intel_gpu/src/runtime/ocl/ocl_stream.cpp:106:
The allocated output memory is necessary to set kernel arguments.

",THROUGHPUT,4,1.207862477749586
decode,2048,int8,GPU,2,False,,,,,0.582371985539794,"RuntimeError: Exception from src/inference/src/cpp/infer_request.cpp:224:
Check '!dim::is_empty(minus_one_dim)' failed at src/core/shape_inference/include/reshape_shape_inference.hpp:355:
While validating node 'opset1::Reshape reshape:__module.model/aten::index/Reshape () -> ()' with friendly_name 'reshape:__module.model/aten::index/Reshape':
Non-'-1' output dimensions do not evenly divide the input dimensions

",THROUGHPUT,4,1.207862477749586
decode,2048,int8,GPU,4,True,92.99876567287436,92.74411227901503,92.99876567287436,2.9062114272773236,10.260084345936775,,THROUGHPUT,4,1.207862477749586
decode,2048,int8,NPU,1,True,5.181422899165058,5.181392142100999,5.181422899165058,0.16191946559890807,25.797522904351354,,THROUGHPUT,1,25.285416753962636
decode,2048,int8,NPU,2,False,,,,,2.1987622175365686,"RuntimeError: Exception from src/inference/src/cpp/infer_request.cpp:224:
Check '*roi_end <= *max_dim' failed at src/inference/src/dev/make_tensor.cpp:35

",THROUGHPUT,1,25.285416753962636
decode,2048,int8,NPU,4,False,,,,,3.102430844679475,"RuntimeError: Exception from src/inference/src/cpp/infer_request.cpp:224:
Check '*roi_begin <= *max_dim' failed at src/inference/src/dev/make_tensor.cpp:34

",THROUGHPUT,1,25.285416753962636
