stage,window,precision,operator,winner,npu_path,gpu_us,npu_us,speedup
prefill,128,fp16,token_embedding,GPU,npuw,18.338783024710064,45.88816436347211,2.5022469758021253
prefill,128,fp16,pre_attention_rmsnorm,GPU,npuw,27.990774090346942,73.29004431569253,2.618364325299876
prefill,128,fp16,qkv_projection,GPU,npuw,76.25072941853132,132.49138636248452,1.737575330397888
prefill,128,fp16,rotary_embedding,GPU,plain,31.851570516601694,524.0253608899419,16.452104319842224
prefill,128,fp16,kv_cache_and_gqa_layout,GPU,npuw,20.26918123783744,40.76658041922601,2.0112593567975554
prefill,128,fp16,scaled_dot_product_attention,GPU,plain,19.303982131273752,151.3664722442627,7.8412045356713636
prefill,128,fp16,attention_output_and_residual,GPU,plain,46.32955711505701,190.7574485130989,4.117402807010714
prefill,128,fp16,ffn_rmsnorm,GPU,plain,28.95597319691063,125.16842897121722,4.322715320947033
prefill,128,fp16,ffn_gate_projection,NPU,plain,179.5270338208459,148.38252868698098,1.2098933439769417
prefill,128,fp16,ffn_up_projection,NPU,plain,157.32745436988108,147.70859025979914,1.0651205464297213
prefill,128,fp16,swiglu_activation,GPU,plain,0.0,48.75746942483462,
prefill,128,fp16,ffn_down_and_residual,GPU,plain,156.3622552633174,195.63720899497744,1.2511792482496507
prefill,128,fp16,final_rmsnorm,GPU,plain,28.155386970200784,36.39065006180152,1.292493337076731
prefill,128,fp16,lm_head,GPU,plain,3336.6933113906684,3866.39455304696,1.1587503531858978
prefill,128,int8,token_embedding,GPU,plain,16.031000187252367,25.901621361180023,1.6157208570040837
prefill,128,int8,pre_attention_rmsnorm,GPU,plain,3.8876402229010556,88.51545784547257,22.768428344796806
prefill,128,int8,qkv_projection,NPU,plain,51.4048642906828,44.501440706765216,1.1551280919062046
prefill,128,int8,rotary_embedding,GPU,plain,31.414083733195046,173.34354032972783,5.518019936597956
prefill,128,int8,kv_cache_and_gqa_layout,GPU,npuw,33.317967595812924,35.94373018026914,1.07880920638107
prefill,128,int8,scaled_dot_product_attention,GPU,npuw,68.53981905424374,158.9885369979124,2.3196521261908467
prefill,128,int8,attention_output_and_residual,GPU,npuw,35.221851458430805,103.5274194405011,2.939295214582494
prefill,128,int8,ffn_rmsnorm,GPU,npuw,26.654374076650342,146.26964366004495,5.487641286920314
prefill,128,int8,ffn_gate_projection,NPU,plain,145.64711549026794,81.4577035795329,1.7880091027616851
prefill,128,int8,ffn_up_projection,GPU,plain,104.6730012226478,203.36719192985424,1.942881063448979
prefill,128,int8,swiglu_activation,GPU,plain,65.68399326031691,296.7362254941194,4.517633760756643
prefill,128,int8,ffn_down_and_residual,NPU,plain,81.78755087545885,74.39827412253837,1.0993205398924968
prefill,128,int8,final_rmsnorm,GPU,npuw,27.606316007959283,134.7453687050111,4.880961612775937
prefill,128,int8,lm_head,NPU,plain,1717.3032440813292,1487.7194343468868,1.1543192919538827
prefill,512,fp16,token_embedding,GPU,npuw,52.31622452946736,80.96641870561865,1.5476349723977871
prefill,512,fp16,pre_attention_rmsnorm,GPU,plain,67.65925718538884,100.92968494677581,1.491735043295329
prefill,512,fp16,qkv_projection,GPU,plain,199.34285553469462,253.50210019642245,1.2716889176512358
prefill,512,fp16,rotary_embedding,GPU,plain,90.20038711977132,714.6620099077688,7.923048145667212
prefill,512,fp16,kv_cache_and_gqa_layout,NPU,plain,62.23826711264221,56.63935251565773,1.0988520233425458
prefill,512,fp16,scaled_dot_product_attention,GPU,plain,179.49877036834494,358.519793919634,1.9973384396111713
prefill,512,fp16,attention_output_and_residual,GPU,npuw,248.95306845056885,909.711545019296,3.654148754546983
prefill,512,fp16,ffn_rmsnorm,GPU,npuw,74.8663213094102,573.5138001208604,7.660504617965963
prefill,512,fp16,ffn_gate_projection,NPU,plain,473.5520323787994,344.7143194690212,1.3737521351252038
prefill,512,fp16,ffn_up_projection,NPU,plain,375.2336104182487,324.5528618431706,1.1561556052448796
prefill,512,fp16,swiglu_activation,GPU,plain,0.0,145.61020288099007,
prefill,512,fp16,ffn_down_and_residual,NPU,plain,414.01977687975034,387.69417264593625,1.0679030176134634
prefill,512,fp16,final_rmsnorm,NPU,plain,75.7683251806079,28.962431332553056,2.6160899377065134
prefill,512,fp16,lm_head,NPU,plain,3112.815359503308,2405.6357552968116,1.2939678638586096
prefill,512,int8,token_embedding,GPU,plain,49.17299831717476,786.5646125002213,15.99586438530221
prefill,512,int8,pre_attention_rmsnorm,GPU,plain,6.558612360563934,124.77048535736317,19.02391519699983
prefill,512,int8,qkv_projection,NPU,plain,161.01746507780754,82.70218868581395,1.9469553059776172
prefill,512,int8,rotary_embedding,GPU,npuw,93.5251144463912,315.55156739034203,3.373976811022422
prefill,512,int8,kv_cache_and_gqa_layout,GPU,npuw,91.59676157120788,94.85145345917944,1.0355328270578796
prefill,512,int8,scaled_dot_product_attention,NPU,npuw,724.6098167540614,545.8671784334742,1.3274471252027673
prefill,512,int8,attention_output_and_residual,GPU,npuw,90.63258513361622,132.69699365233626,1.4641201446114118
prefill,512,int8,ffn_rmsnorm,GPU,npuw,77.13411500733295,197.2359860196089,2.5570525571059983
prefill,512,int8,ffn_gate_projection,NPU,npuw,525.4761584874557,174.31559620693264,3.0145102900813026
prefill,512,int8,ffn_up_projection,NPU,plain,259.36346171215706,118.6428594698359,2.1860857271237495
prefill,512,int8,swiglu_activation,GPU,plain,225.6172863964489,461.66204391972786,2.0462175185836924
prefill,512,int8,ffn_down_and_residual,NPU,plain,202.477051894249,168.49604797670506,1.2016724090896298
prefill,512,int8,final_rmsnorm,GPU,plain,77.13411500733295,203.68347672690118,2.640640612879755
prefill,512,int8,lm_head,NPU,plain,1661.2760019704333,1008.2710760807878,1.6476481785314285
prefill,1024,fp16,token_embedding,NPU,npuw,99.71132922130198,88.10478911554097,1.1317356323336765
prefill,1024,fp16,pre_attention_rmsnorm,GPU,npuw,127.08306665460057,144.7219944701854,1.138798411778382
prefill,1024,fp16,qkv_projection,NPU,plain,351.92233842812465,132.22714576974204,2.661498411536129
prefill,1024,fp16,rotary_embedding,GPU,plain,240.48026459255183,1402.6448208123616,5.832681626448129
prefill,1024,fp16,kv_cache_and_gqa_layout,GPU,npuw,114.37475998914051,365.5590285625975,3.196151219004141
prefill,1024,fp16,scaled_dot_product_attention,GPU,plain,737.0817865966833,850.747283874451,1.1542101559754905
prefill,1024,fp16,attention_output_and_residual,GPU,npuw,778.1393927466312,1436.4925206896437,1.8460606596707512
prefill,1024,fp16,ffn_rmsnorm,GPU,npuw,132.2302825707954,1206.5739821051145,9.12479319144706
prefill,1024,fp16,ffn_gate_projection,NPU,plain,810.3989404358759,362.97647858360557,2.232648637724921
prefill,1024,fp16,ffn_up_projection,NPU,plain,651.0563260920306,370.75454598182563,1.7560305953037334
prefill,1024,fp16,swiglu_activation,GPU,plain,0.0,272.6614101933949,
prefill,1024,fp16,ffn_down_and_residual,NPU,plain,714.5978594193309,674.8399428360503,1.0589145870888967
prefill,1024,fp16,final_rmsnorm,NPU,plain,130.20370929694135,20.74151306192032,6.277445088419536
prefill,1024,fp16,lm_head,NPU,plain,3369.6563904492937,1955.7706398314326,1.722930246432027
prefill,1024,int8,token_embedding,GPU,plain,82.38783122651012,161.0969889503523,1.9553493101116586
prefill,1024,int8,pre_attention_rmsnorm,GPU,plain,7.869939993364174,154.82537342921245,19.6730055832394
prefill,1024,int8,qkv_projection,NPU,plain,290.7805807994475,75.68353015125551,3.8420589026214143
prefill,1024,int8,rotary_embedding,GPU,plain,156.77975664965237,605.0904021487555,3.8594931838102022
prefill,1024,int8,kv_cache_and_gqa_layout,NPU,plain,178.3454228903278,174.8856042670729,1.0197833242922116
prefill,1024,int8,scaled_dot_product_attention,NPU,plain,2747.876488554779,1909.2636008552452,1.439233685345429
prefill,1024,int8,attention_output_and_residual,NPU,plain,162.8371252476906,97.37475997653746,1.6722724172765753
prefill,1024,int8,ffn_rmsnorm,GPU,npuw,170.5912740690092,386.58170472983954,2.266128246239933
prefill,1024,int8,ffn_gate_projection,NPU,plain,962.4837224461712,314.28705822935694,3.0624351122462716
prefill,1024,int8,ffn_up_projection,NPU,plain,436.17087119917124,306.4693698396205,1.4232119556594685
prefill,1024,int8,swiglu_activation,GPU,plain,434.23233399384156,606.4113381589693,1.396513549743096
prefill,1024,int8,ffn_down_and_residual,NPU,plain,358.6293829859852,230.26987578923396,1.557430739721416
prefill,1024,int8,final_rmsnorm,GPU,npuw,175.43761708233333,442.01885167962536,2.519521520132052
prefill,1024,int8,lm_head,NPU,plain,1740.8064103860256,670.1624538604315,2.5975886896650393
prefill,2048,fp16,token_embedding,NPU,npuw,200.37299839348123,59.17723892585232,3.3859808607249122
prefill,2048,fp16,pre_attention_rmsnorm,NPU,npuw,331.0029089483474,93.43774567239839,3.5424967347657876
prefill,2048,fp16,qkv_projection,NPU,plain,772.7091319262424,224.93879035855784,3.4351973294358236
prefill,2048,fp16,rotary_embedding,GPU,plain,588.9416306371934,2457.1867628846408,4.172207626460601
prefill,2048,fp16,kv_cache_and_gqa_layout,GPU,plain,232.47695946205002,488.8660233163075,2.102857953956125
prefill,2048,fp16,scaled_dot_product_attention,NPU,plain,3343.7663172521898,2094.9203684010827,1.5961305105855983
prefill,2048,fp16,attention_output_and_residual,NPU,plain,3304.4939237819967,181.75459388110227,18.181075114633334
prefill,2048,fp16,ffn_rmsnorm,GPU,npuw,285.81936412361483,1191.5056975321518,4.16873678655598
prefill,2048,fp16,ffn_gate_projection,GPU,plain,1512.2784155477732,3034.199397992562,2.0063761849655988
prefill,2048,fp16,ffn_up_projection,GPU,plain,1195.5957915191145,2894.4305226961933,2.420910598069731
prefill,2048,fp16,swiglu_activation,GPU,plain,0.0,2901.408312477173,
prefill,2048,fp16,ffn_down_and_residual,NPU,plain,1331.760867775458,857.758633464271,1.5526056116705131
prefill,2048,fp16,final_rmsnorm,NPU,plain,284.5075170559374,14.369513233243511,19.799384463332853
prefill,2048,fp16,lm_head,NPU,plain,3794.9096049328928,1358.363243146999,2.7937369654828155
prefill,2048,int8,token_embedding,GPU,plain,171.63444596837118,581.2229294011651,3.386400242223364
prefill,2048,int8,pre_attention_rmsnorm,GPU,plain,16.585729391364364,364.6011443042145,21.98282244337413
prefill,2048,int8,qkv_projection,NPU,plain,624.5012371379289,233.17179900562016,2.678288025400861
prefill,2048,int8,rotary_embedding,GPU,plain,444.5952516048169,2581.6066794726075,5.806644740702934
prefill,2048,int8,kv_cache_and_gqa_layout,NPU,plain,445.6291940504095,426.56892772350784,1.0446827349301355
prefill,2048,int8,scaled_dot_product_attention,NPU,plain,11037.335606700977,10118.62499927617,1.0907940167256447
prefill,2048,int8,attention_output_and_residual,GPU,plain,314.9887747934119,2796.644501348967,8.878552904569919
prefill,2048,int8,ffn_rmsnorm,GPU,plain,374.2871653045203,473.2609319743242,1.2644327025995636
prefill,2048,int8,ffn_gate_projection,NPU,plain,1860.0624596210828,1042.6213280003358,1.7840249471862748
prefill,2048,int8,ffn_up_projection,NPU,plain,797.4013498876102,683.0867288545362,1.1673500833851178
prefill,2048,int8,swiglu_activation,GPU,plain,825.0860715828928,1936.0498803365354,2.346482321077491
prefill,2048,int8,ffn_down_and_residual,NPU,plain,641.0443162674104,572.0108770282887,1.1206855359075762
prefill,2048,int8,final_rmsnorm,GPU,plain,370.40039330000525,417.214121213779,1.1263868202101421
prefill,2048,int8,lm_head,NPU,plain,1776.3131215280825,813.091791169908,2.1846403331317052
decode,128,fp16,token_embedding,GPU,npuw,1.9823181095631661,27.988244080561664,14.118946876154654
decode,128,fp16,pre_attention_rmsnorm,GPU,npuw,4.032572440783996,45.443259034170616,11.269049645475365
decode,128,fp16,qkv_projection,GPU,npuw,36.00766916802558,54.046264431429414,1.500965368772659
decode,128,fp16,rotary_embedding,GPU,npuw,6.00127819467093,17.393192492654794,2.8982479945855135
decode,128,fp16,kv_cache_and_gqa_layout,GPU,npuw,28.00596490846434,43.214767331158214,1.5430558265856167
decode,128,fp16,scaled_dot_product_attention,GPU,npuw,18.045043767953818,75.4164724396874,4.179345498381083
decode,128,fp16,attention_output_and_residual,GPU,npuw,25.005325811128877,71.41827799867458,2.856122673150259
decode,128,fp16,ffn_rmsnorm,GPU,npuw,5.012512157764949,139.46584002328333,27.823541496499907
decode,128,fp16,ffn_gate_projection,NPU,plain,116.29028206014682,113.56651152350085,1.0239839236065849
decode,128,fp16,ffn_up_projection,GPU,plain,117.57762087518452,126.78202903342346,1.0782836741356585
decode,128,fp16,swiglu_activation,GPU,plain,0.0,9.002223474423849,
decode,128,fp16,ffn_down_and_residual,NPU,plain,116.29028206014682,114.25933511222739,1.0177748885543978
decode,128,fp16,final_rmsnorm,GPU,plain,5.040715550979995,6.244672717548496,1.2388464801062684
decode,128,fp16,lm_head,GPU,plain,3462.7375183251265,3791.794135050235,1.0950278832812799
decode,128,int8,token_embedding,GPU,npuw,1.9808786044664242,11.811768748709223,5.962893799789856
decode,128,int8,pre_attention_rmsnorm,GPU,plain,3.0657125485909953,182.99475892251155,59.69077531636687
decode,128,int8,qkv_projection,GPU,plain,22.05316757046899,61.13413488836964,2.7721248973881325
decode,128,int8,rotary_embedding,GPU,npuw,5.044934273547447,7.972943905378726,1.5803860809810688
decode,128,int8,kv_cache_and_gqa_layout,NPU,npuw,38.341500478960604,11.437756478788915,3.3521871662562615
decode,128,int8,scaled_dot_product_attention,NPU,npuw,119.06044885571977,33.72671782206988,3.5301522515128863
decode,128,int8,attention_output_and_residual,NPU,npuw,15.372296160195932,9.384825828749879,1.6379948270434364
decode,128,int8,ffn_rmsnorm,GPU,npuw,4.08761673145466,45.75102591515566,11.192591899112381
decode,128,int8,ffn_gate_projection,NPU,npuw,66.59313241082631,31.967062979179275,2.0831795668622926
decode,128,int8,ffn_up_projection,NPU,npuw,68.61110612024528,24.635167800468434,2.785087833618923
decode,128,int8,swiglu_activation,GPU,npuw,1.021904182863665,65.40050499410073,63.998666500052856
decode,128,int8,ffn_down_and_residual,NPU,npuw,61.14741917266402,39.59223396503855,1.5444296279583394
decode,128,int8,final_rmsnorm,GPU,npuw,5.078218477048703,60.70809207972578,11.954604228648186
decode,128,int8,lm_head,NPU,plain,1743.5292849379978,1045.0424204325377,1.668381350698051
decode,512,fp16,token_embedding,GPU,npuw,1.9720279427559024,27.795788714305285,14.09502781966708
decode,512,fp16,pre_attention_rmsnorm,GPU,npuw,4.9626873247005925,43.693057773668805,8.8043140570628
decode,512,fp16,qkv_projection,GPU,npuw,35.05664906150391,48.383666219584406,1.3801566183550338
decode,512,fp16,rotary_embedding,GPU,npuw,5.955224789640711,13.956826794110887,2.3436271991595006
decode,512,fp16,kv_cache_and_gqa_layout,GPU,npuw,101.76247050022256,138.73924522772148,1.3633635715184218
decode,512,fp16,scaled_dot_product_attention,GPU,plain,56.86726292659496,204.33877337757133,3.593258455947398
decode,512,fp16,attention_output_and_residual,GPU,npuw,25.805974088443083,69.72296453245022,2.701814870211579
decode,512,fp16,ffn_rmsnorm,GPU,npuw,5.986027676483681,138.61946118976357,23.157170110378036
decode,512,fp16,ffn_gate_projection,NPU,plain,117.72521097084572,112.3089643657905,1.04822630709526
decode,512,fp16,ffn_up_projection,GPU,plain,116.72753969143177,122.40310891313509,1.0486223665529715
decode,512,fp16,swiglu_activation,GPU,plain,0.0,8.840224532615313,
decode,512,fp16,ffn_down_and_residual,GPU,plain,116.04701553521967,119.79622865684321,1.032307708253692
decode,512,fp16,final_rmsnorm,GPU,plain,5.0254905637973,6.120155445656755,1.2178224927423438
decode,512,fp16,lm_head,GPU,plain,3456.9309831693254,3732.1740139784342,1.0796206323323139
decode,512,int8,token_embedding,GPU,npuw,1.9431368514951954,11.914937788757257,6.1318057858812205
decode,512,int8,pre_attention_rmsnorm,GPU,plain,3.886273702990391,265.78460895105604,68.39060479619368
decode,512,int8,qkv_projection,GPU,plain,20.366889348931533,52.769402584077994,2.5909407018429316
decode,512,int8,rotary_embedding,GPU,npuw,3.9427650693442486,13.702178457070847,3.4752713428471558
decode,512,int8,kv_cache_and_gqa_layout,NPU,npuw,126.75434979912522,34.255446142677116,3.7002685433195524
decode,512,int8,scaled_dot_product_attention,NPU,npuw,210.59187250090883,87.27691930264692,2.4129159711818797
decode,512,int8,attention_output_and_residual,NPU,npuw,14.785369010040933,9.42397087929825,1.568910727697613
decode,512,int8,ffn_rmsnorm,GPU,npuw,4.073377869786306,45.87251048671544,11.261540655721676
decode,512,int8,ffn_gate_projection,NPU,npuw,64.87427351923732,31.872458584925663,2.035433612577353
decode,512,int8,ffn_up_projection,NPU,npuw,66.38966130180509,24.127749022233445,2.751589517970689
decode,512,int8,swiglu_activation,GPU,npuw,1.0183444674465765,65.23428439344599,64.0591533403389
decode,512,int8,ffn_down_and_residual,NPU,plain,59.14147604016373,37.78777594405695,1.5650954458849322
decode,512,int8,final_rmsnorm,GPU,npuw,4.073377869786306,61.36192961209988,15.064138799212113
decode,512,int8,lm_head,NPU,plain,1723.659544118813,873.8740223110265,1.9724348133847303
decode,1024,fp16,token_embedding,GPU,npuw,1.9618629551923266,27.342029715122436,13.936768438773047
decode,1024,fp16,pre_attention_rmsnorm,GPU,npuw,5.048701937482195,42.889622898925914,8.495178251761702
decode,1024,fp16,qkv_projection,GPU,npuw,36.88589136591353,52.94238955917694,1.4353018891147447
decode,1024,fp16,rotary_embedding,GPU,npuw,5.981495897175167,13.713044249241815,2.2925777238630163
decode,1024,fp16,kv_cache_and_gqa_layout,GPU,npuw,185.36226477595997,255.9768259858472,1.380954350634614
decode,1024,fp16,scaled_dot_product_attention,GPU,npuw,58.1135749027334,396.044602939018,6.815010152135553
decode,1024,fp16,attention_output_and_residual,GPU,plain,24.922899571563196,40.38331128959357,1.6203295757637513
decode,1024,fp16,ffn_rmsnorm,GPU,plain,5.88558886557698,6.106648343214717,1.03755944947678
decode,1024,fp16,ffn_gate_projection,GPU,plain,117.22910799344496,128.15661222031972,1.093214939650362
decode,1024,fp16,ffn_up_projection,GPU,plain,116.76864576243311,139.43671633954008,1.1941280591985743
decode,1024,fp16,swiglu_activation,GPU,plain,0.0,9.159972514822075,
decode,1024,fp16,ffn_down_and_residual,GPU,plain,115.77908096783622,127.26198289806902,1.0991794185464538
decode,1024,fp16,final_rmsnorm,GPU,plain,5.88558886557698,7.6263953037429815,1.2957743868837746
decode,1024,fp16,lm_head,GPU,plain,3480.8027450361346,4031.4735855328227,1.1582022541443875
decode,1024,int8,token_embedding,GPU,npuw,1.7915376446818154,11.240900851475653,6.274443009804622
decode,1024,int8,pre_attention_rmsnorm,GPU,plain,3.7692612576707503,431.51578937513335,114.4828548291695
decode,1024,int8,qkv_projection,GPU,plain,20.621177556452512,60.78417732598049,2.9476579191259953
decode,1024,int8,rotary_embedding,GPU,npuw,3.9278433440861926,14.4271809343157,3.6730540580335096
decode,1024,int8,kv_cache_and_gqa_layout,NPU,npuw,256.9592426420845,68.02186156277574,3.77759791835369
decode,1024,int8,scaled_dot_product_attention,NPU,npuw,353.79836020495964,145.26702638830074,2.435503561966305
decode,1024,int8,attention_output_and_residual,NPU,npuw,14.885985035830595,9.799759716671081,1.5190153091720164
decode,1024,int8,ffn_rmsnorm,GPU,npuw,3.9695960095548255,48.422342129433574,12.19830481814293
decode,1024,int8,ffn_gate_projection,NPU,npuw,64.23981066052113,33.146246100505124,1.9380719755031977
decode,1024,int8,ffn_up_projection,NPU,npuw,66.40685311264055,25.23537653912417,2.6314984050143
decode,1024,int8,swiglu_activation,GPU,npuw,1.942730995042246,67.73363333581483,34.865163272047305
decode,1024,int8,ffn_down_and_residual,NPU,plain,58.48699179539983,36.38581057421164,1.6074120892843968
decode,1024,int8,final_rmsnorm,GPU,npuw,3.9695960095548255,64.27489461228386,16.191797466939725
decode,1024,int8,lm_head,NPU,plain,1666.3998645968018,830.7711979832296,2.0058469391357505
decode,2048,fp16,token_embedding,GPU,npuw,1.9735724773128067,25.668771194985517,13.006247041880021
decode,2048,fp16,pre_attention_rmsnorm,GPU,npuw,4.106989541973514,41.07003391197683,10.000033721108924
decode,2048,fp16,qkv_projection,GPU,npuw,35.51220658777931,66.73880510696235,1.8793201414279037
decode,2048,fp16,rotary_embedding,GPU,npuw,5.982629912472444,13.659908664916799,2.2832615195599764
decode,2048,fp16,kv_cache_and_gqa_layout,GPU,npuw,351.0635279820469,744.39436465458,2.120397891895645
decode,2048,fp16,scaled_dot_product_attention,GPU,plain,95.37564055003585,681.2599600546403,7.142913600640391
decode,2048,fp16,attention_output_and_residual,GPU,npuw,24.73457611369011,64.0308218667975,2.588717169539755
decode,2048,fp16,ffn_rmsnorm,GPU,npuw,5.105056832900038,124.06572744243,24.30251640743278
decode,2048,fp16,ffn_gate_projection,NPU,plain,117.41630715670088,108.8234696699992,1.0789612526852796
decode,2048,fp16,ffn_up_projection,NPU,plain,118.4373185232809,113.5210867427204,1.0433067716458921
decode,2048,fp16,swiglu_activation,GPU,plain,0.0,7.460982597400247,
decode,2048,fp16,ffn_down_and_residual,NPU,plain,117.65838827862471,100.72326506490334,1.1681351691965987
decode,2048,fp16,final_rmsnorm,GPU,plain,5.105056832900038,5.5957369480501855,1.0961164843431148
decode,2048,fp16,lm_head,NPU,plain,3503.532838502913,3291.660962483825,1.0643662510914287
decode,2048,int8,token_embedding,GPU,npuw,1.0082061596679814,12.297594363556742,12.197499733195976
decode,2048,int8,pre_attention_rmsnorm,GPU,plain,2.8838717501614055,806.1082368857183,279.5229145819684
decode,2048,int8,qkv_projection,GPU,plain,19.225811667742704,59.468484166354614,3.093158572136205
decode,2048,int8,rotary_embedding,GPU,npuw,3.7793614846545864,16.79671425266287,4.444325932002771
decode,2048,int8,kv_cache_and_gqa_layout,NPU,npuw,487.7476634950145,132.21408534090634,3.6890748987703197
decode,2048,int8,scaled_dot_product_attention,NPU,npuw,636.9984485244889,191.9236722690576,3.3190196967025596
decode,2048,int8,attention_output_and_residual,NPU,plain,13.984880704236659,7.156417325625851,1.9541734457211293
decode,2048,int8,ffn_rmsnorm,GPU,npuw,3.7793614846545864,49.65644219024823,13.13884432380158
decode,2048,int8,ffn_gate_projection,NPU,plain,61.30786423999919,26.481825166323677,2.315092100145838
decode,2048,int8,ffn_up_projection,NPU,npuw,62.48388792016379,25.285182219574253,2.471166210215901
decode,2048,int8,swiglu_activation,GPU,npuw,0.988836519999987,67.63024641862029,
decode,2048,int8,ffn_down_and_residual,NPU,plain,57.35251815999924,31.96954987321269,1.7939732773045691
decode,2048,int8,final_rmsnorm,GPU,npuw,2.966509559999961,64.88847967191947,21.873679608812832
decode,2048,int8,lm_head,NPU,plain,1681.7539437308099,689.1364832084153,2.4403786255823547
